booth,shop,region,shop_url,type,name,tags,description,size,volume_text,volume_ml,price_text,price_yen,item_url
1,八ヶ岳ブルワリー タッチダウンビール,北陸・甲信越,https://www.beerkeyaki.jp/shop/archives/78/,set,4種飲み比べセット,,レギュラービール3種類とお好きな限定ビール1種類の組合せ,,,,"1,800円",1800,
1,八ヶ岳ブルワリー タッチダウンビール,北陸・甲信越,https://www.beerkeyaki.jp/shop/archives/78/,beer,ROCKヴァイツェン,おすすめ,,Mサイズ,360ml,360,700円,700,https://www.beerkeyaki.jp/beer/archives/321/
1,八ヶ岳ブルワリー タッチダウンビール,北陸・甲信越,https://www.beerkeyaki.jp/shop/archives/78/,beer,ROCKヴァイツェン,おすすめ,,Lサイズ,720ml,720,"1,300円",1300,https://www.beerkeyaki.jp/beer/archives/321/
1,八ヶ岳ブルワリー タッチダウンビール,北陸・甲信越,https://www.beerkeyaki.jp/shop/archives/78/,beer,ROCKヴァイツェン,おすすめ,,リユースグラス,275ml,275,600円,600,https://www.beerkeyaki.jp/beer/archives/321/
1,八ヶ岳ブルワリー タッチダウンビール,北陸・甲信越,https://www.beerkeyaki.jp/shop/archives/78/,beer,ピルスナー,,,Mサイズ,360ml,360,700円,700,https://www.beerkeyaki.jp/beer/archives/317/
1,八ヶ岳ブルワリー タッチダウンビール,北陸・甲信越,https://www.beerkeyaki.jp/shop/archives/78/,beer,ピルスナー,,,Lサイズ,720ml,720,"1,300円",1300,https://www.beerkeyaki.jp/beer/archives/317/
1,八ヶ岳ブルワリー タッチダウンビール,北陸・甲信越,https://www.beerkeyaki.jp/shop/archives/78/,beer,ピルスナー,,,リユースグラス,275ml,275,600円,600,https://www.beerkeyaki.jp/beer/archives/317/
1,八ヶ岳ブルワリー タッチダウンビール,北陸・甲信越,https://www.beerkeyaki.jp/shop/archives/78/,beer,デュンケル,,,Mサイズ,360ml,360,700円,700,https://www.beerkeyaki.jp/beer/archives/318/
1,八ヶ岳ブルワリー タッチダウンビール,北陸・甲信越,https://www.beerkeyaki.jp/shop/archives/78/,beer,デュンケル,,,Lサイズ,720ml,720,"1,300円",1300,https://www.beerkeyaki.jp/beer/archives/318/
1,八ヶ岳ブルワリー タッチダウンビール,北陸・甲信越,https://www.beerkeyaki.jp/shop/archives/78/,beer,デュンケル,,,リユースグラス,275ml,275,600円,600,https://www.beerkeyaki.jp/beer/archives/318/
1,八ヶ岳ブルワリー タッチダウンビール,北陸・甲信越,https://www.beerkeyaki.jp/shop/archives/78/,beer,清里ラガー,,,Mサイズ,360ml,360,700円,700,https://www.beerkeyaki.jp/beer/archives/319/
1,八ヶ岳ブルワリー タッチダウンビール,北陸・甲信越,https://www.beerkeyaki.jp/shop/archives/78/,beer,清里ラガー,,,Lサイズ,720ml,720,"1,300円",1300,https://www.beerkeyaki.jp/beer/archives/319/
1,八ヶ岳ブルワリー タッチダウンビール,北陸・甲信越,https://www.beerkeyaki.jp/shop/archives/78/,beer,清里ラガー,,,リユースグラス,275ml,275,600円,600,https://www.beerkeyaki.jp/beer/archives/319/
1,八ヶ岳ブルワリー タッチダウンビール,北陸・甲信越,https://www.beerkeyaki.jp/shop/archives/78/,beer,ドライホップドヴァイツェン,限定,,Mサイズ,360ml,360,800円,800,https://www.beerkeyaki.jp/beer/archives/638/
1,八ヶ岳ブルワリー タッチダウンビール,北陸・甲信越,https://www.beerkeyaki.jp/shop/archives/78/,beer,ドライホップドヴァイツェン,限定,,Lサイズ,720ml,720,"1,500円",1500,https://www.beerkeyaki.jp/beer/archives/638/
1,八ヶ岳ブルワリー タッチダウンビール,北陸・甲信越,https://www.beerkeyaki.jp/shop/archives/78/,beer,ドライホップドヴァイツェン,限定,,リユースグラス,275ml,275,700円,700,https://www.beerkeyaki.jp/beer/archives/638/
1,八ヶ岳ブルワリー タッチダウンビール,北陸・甲信越,https://www.beerkeyaki.jp/shop/archives/78/,beer,水出しコーヒーラガー,限定,,Mサイズ,360ml,360,800円,800,https://www.beerkeyaki.jp/beer/archives/639/
1,八ヶ岳ブルワリー タッチダウンビール,北陸・甲信越,https://www.beerkeyaki.jp/shop/archives/78/,beer,水出しコーヒーラガー,限定,,Lサイズ,720ml,720,"1,500円",1500,https://www.beerkeyaki.jp/beer/archives/639/
1,八ヶ岳ブルワリー タッチダウンビール,北陸・甲信越,https://www.beerkeyaki.jp/shop/archives/78/,beer,水出しコーヒーラガー,限定,,リユースグラス,275ml,275,700円,700,https://www.beerkeyaki.jp/beer/archives/639/
1,八ヶ岳ブルワリー タッチダウンビール,北陸・甲信越,https://www.beerkeyaki.jp/shop/archives/78/,beer,ROCK 55th ANNIVERSARY LAGER,限定,,Mサイズ,360ml,360,800円,800,https://www.beerkeyaki.jp/beer/archives/984/
1,八ヶ岳ブルワリー タッチダウンビール,北陸・甲信越,https://www.beerkeyaki.jp/shop/archives/78/,beer,ROCK 55th ANNIVERSARY LAGER,限定,,Lサイズ,720ml,720,"1,500円",1500,https://www.beerkeyaki.jp/beer/archives/984/
1,八ヶ岳ブルワリー タッチダウンビール,北陸・甲信越,https://www.beerkeyaki.jp/shop/archives/78/,beer,ROCK 55th ANNIVERSARY LAGER,限定,,リユースグラス,275ml,275,700円,700,https://www.beerkeyaki.jp/beer/archives/984/
1,八ヶ岳ブルワリー タッチダウンビール,北陸・甲信越,https://www.beerkeyaki.jp/shop/archives/78/,beer,清里IPL,限定,,Mサイズ,360ml,360,800円,800,https://www.beerkeyaki.jp/beer/archives/637/
1,八ヶ岳ブルワリー タッチダウンビール,北陸・甲信越,https://www.beerkeyaki.jp/shop/archives/78/,beer,清里IPL,限定,,Lサイズ,720ml,720,"1,500円",1500,https://www.beerkeyaki.jp/beer/archives/637/
1,八ヶ岳ブルワリー タッチダウンビール,北陸・甲信越,https://www.beerkeyaki.jp/shop/archives/78/,beer,清里IPL,限定,,リユースグラス,275ml,275,700円,700,https://www.beerkeyaki.jp/beer/archives/637/
1,八ヶ岳ブルワリー タッチダウンビール,北陸・甲信越,https://www.beerkeyaki.jp/shop/archives/78/,beer,虎八麦酒（とらはちばくしゅ）,限定,,Mサイズ,360ml,360,800円,800,https://www.beerkeyaki.jp/beer/archives/735/
1,八ヶ岳ブルワリー タッチダウンビール,北陸・甲信越,https://www.beerkeyaki.jp/shop/archives/78/,beer,虎八麦酒（とらはちばくしゅ）,限定,,Lサイズ,720ml,720,"1,500円",1500,https://www.beerkeyaki.jp/beer/archives/735/
1,八ヶ岳ブルワリー タッチダウンビール,北陸・甲信越,https://www.beerkeyaki.jp/shop/archives/78/,beer,虎八麦酒（とらはちばくしゅ）,限定,,リユースグラス,275ml,275,700円,700,https://www.beerkeyaki.jp/beer/archives/735/
1,八ヶ岳ブルワリー タッチダウンビール,北陸・甲信越,https://www.beerkeyaki.jp/shop/archives/78/,beer,ROGGEN HELLES,限定,,Mサイズ,360ml,360,800円,800,https://www.beerkeyaki.jp/beer/archives/736/
1,八ヶ岳ブルワリー タッチダウンビール,北陸・甲信越,https://www.beerkeyaki.jp/shop/archives/78/,beer,ROGGEN HELLES,限定,,Lサイズ,720ml,720,"1,500円",1500,https://www.beerkeyaki.jp/beer/archives/736/
1,八ヶ岳ブルワリー タッチダウンビール,北陸・甲信越,https://www.beerkeyaki.jp/shop/archives/78/,beer,ROGGEN HELLES,限定,,リユースグラス,275ml,275,700円,700,https://www.beerkeyaki.jp/beer/archives/736/
1,八ヶ岳ブルワリー タッチダウンビール,北陸・甲信越,https://www.beerkeyaki.jp/shop/archives/78/,beer,プレミアム ロック・ボック,限定,,Mサイズ,360ml,360,800円,800,https://www.beerkeyaki.jp/beer/archives/320/
1,八ヶ岳ブルワリー タッチダウンビール,北陸・甲信越,https://www.beerkeyaki.jp/shop/archives/78/,beer,プレミアム ロック・ボック,限定,,Lサイズ,720ml,720,"1,500円",1500,https://www.beerkeyaki.jp/beer/archives/320/
1,八ヶ岳ブルワリー タッチダウンビール,北陸・甲信越,https://www.beerkeyaki.jp/shop/archives/78/,beer,プレミアム ロック・ボック,限定,,リユースグラス,275ml,275,700円,700,https://www.beerkeyaki.jp/beer/archives/320/
1,八ヶ岳ブルワリー タッチダウンビール,北陸・甲信越,https://www.beerkeyaki.jp/shop/archives/78/,beer,ドッペルボック,限定,,Mサイズ,360ml,360,800円,800,https://www.beerkeyaki.jp/beer/archives/985/
1,八ヶ岳ブルワリー タッチダウンビール,北陸・甲信越,https://www.beerkeyaki.jp/shop/archives/78/,beer,ドッペルボック,限定,,Lサイズ,720ml,720,"1,500円",1500,https://www.beerkeyaki.jp/beer/archives/985/
1,八ヶ岳ブルワリー タッチダウンビール,北陸・甲信越,https://www.beerkeyaki.jp/shop/archives/78/,beer,ドッペルボック,限定,,リユースグラス,275ml,275,700円,700,https://www.beerkeyaki.jp/beer/archives/985/
1,八ヶ岳ブルワリー タッチダウンビール,北陸・甲信越,https://www.beerkeyaki.jp/shop/archives/78/,beer,やまなしの桃ヴァイツェン,限定,,Mサイズ,360ml,360,800円,800,https://www.beerkeyaki.jp/beer/archives/738/
1,八ヶ岳ブルワリー タッチダウンビール,北陸・甲信越,https://www.beerkeyaki.jp/shop/archives/78/,beer,やまなしの桃ヴァイツェン,限定,,Lサイズ,720ml,720,"1,500円",1500,https://www.beerkeyaki.jp/beer/archives/738/
1,八ヶ岳ブルワリー タッチダウンビール,北陸・甲信越,https://www.beerkeyaki.jp/shop/archives/78/,beer,やまなしの桃ヴァイツェン,限定,,リユースグラス,275ml,275,700円,700,https://www.beerkeyaki.jp/beer/archives/738/
2,エチゴビール,北陸・甲信越,https://www.beerkeyaki.jp/shop/archives/74/,set,選べる4種飲み比べセット,,提供中の商品からお好みの4種類を選べる飲み比べセットです。,,,,"1,500円",1500,
2,エチゴビール,北陸・甲信越,https://www.beerkeyaki.jp/shop/archives/74/,beer,こしひかり越後ビール,おすすめ,,LLサイズ,500ml,500,800円,800,https://www.beerkeyaki.jp/beer/archives/328/
2,エチゴビール,北陸・甲信越,https://www.beerkeyaki.jp/shop/archives/74/,beer,こしひかり越後ビール,おすすめ,,Mサイズ,300ml,300,500円,500,https://www.beerkeyaki.jp/beer/archives/328/
2,エチゴビール,北陸・甲信越,https://www.beerkeyaki.jp/shop/archives/74/,beer,こしひかり越後ビール,おすすめ,,リユースグラス,275ml,275,500円,500,https://www.beerkeyaki.jp/beer/archives/328/
2,エチゴビール,北陸・甲信越,https://www.beerkeyaki.jp/shop/archives/74/,beer,フライングIPA,,,LLサイズ,500ml,500,800円,800,https://www.beerkeyaki.jp/beer/archives/329/
2,エチゴビール,北陸・甲信越,https://www.beerkeyaki.jp/shop/archives/74/,beer,フライングIPA,,,Mサイズ,300ml,300,500円,500,https://www.beerkeyaki.jp/beer/archives/329/
2,エチゴビール,北陸・甲信越,https://www.beerkeyaki.jp/shop/archives/74/,beer,フライングIPA,,,リユースグラス,275ml,275,500円,500,https://www.beerkeyaki.jp/beer/archives/329/
2,エチゴビール,北陸・甲信越,https://www.beerkeyaki.jp/shop/archives/74/,beer,プレミアムレッドエール,,,LLサイズ,500ml,500,800円,800,https://www.beerkeyaki.jp/beer/archives/330/
2,エチゴビール,北陸・甲信越,https://www.beerkeyaki.jp/shop/archives/74/,beer,プレミアムレッドエール,,,Mサイズ,300ml,300,500円,500,https://www.beerkeyaki.jp/beer/archives/330/
2,エチゴビール,北陸・甲信越,https://www.beerkeyaki.jp/shop/archives/74/,beer,プレミアムレッドエール,,,リユースグラス,275ml,275,500円,500,https://www.beerkeyaki.jp/beer/archives/330/
2,エチゴビール,北陸・甲信越,https://www.beerkeyaki.jp/shop/archives/74/,beer,のんびりふんわり白ビール,,,LLサイズ,500ml,500,800円,800,https://www.beerkeyaki.jp/beer/archives/331/
2,エチゴビール,北陸・甲信越,https://www.beerkeyaki.jp/shop/archives/74/,beer,のんびりふんわり白ビール,,,Mサイズ,300ml,300,500円,500,https://www.beerkeyaki.jp/beer/archives/331/
2,エチゴビール,北陸・甲信越,https://www.beerkeyaki.jp/shop/archives/74/,beer,のんびりふんわり白ビール,,,リユースグラス,275ml,275,500円,500,https://www.beerkeyaki.jp/beer/archives/331/
2,エチゴビール,北陸・甲信越,https://www.beerkeyaki.jp/shop/archives/74/,beer,スパークラッシュレモン,限定,,LLサイズ,500ml,500,800円,800,https://www.beerkeyaki.jp/beer/archives/332/
2,エチゴビール,北陸・甲信越,https://www.beerkeyaki.jp/shop/archives/74/,beer,スパークラッシュレモン,限定,,Mサイズ,300ml,300,500円,500,https://www.beerkeyaki.jp/beer/archives/332/
2,エチゴビール,北陸・甲信越,https://www.beerkeyaki.jp/shop/archives/74/,beer,スパークラッシュレモン,限定,,リユースグラス,275ml,275,500円,500,https://www.beerkeyaki.jp/beer/archives/332/
2,エチゴビール,北陸・甲信越,https://www.beerkeyaki.jp/shop/archives/74/,beer,シャインマスカットラガー,限定,,LLサイズ,500ml,500,800円,800,https://www.beerkeyaki.jp/beer/archives/333/
2,エチゴビール,北陸・甲信越,https://www.beerkeyaki.jp/shop/archives/74/,beer,シャインマスカットラガー,限定,,Mサイズ,300ml,300,500円,500,https://www.beerkeyaki.jp/beer/archives/333/
2,エチゴビール,北陸・甲信越,https://www.beerkeyaki.jp/shop/archives/74/,beer,シャインマスカットラガー,限定,,リユースグラス,275ml,275,500円,500,https://www.beerkeyaki.jp/beer/archives/333/
2,エチゴビール,北陸・甲信越,https://www.beerkeyaki.jp/shop/archives/74/,beer,ルレクチェ＆ピーチホワイト,限定,,LLサイズ,500ml,500,800円,800,https://www.beerkeyaki.jp/beer/archives/334/
2,エチゴビール,北陸・甲信越,https://www.beerkeyaki.jp/shop/archives/74/,beer,ルレクチェ＆ピーチホワイト,限定,,Mサイズ,300ml,300,500円,500,https://www.beerkeyaki.jp/beer/archives/334/
2,エチゴビール,北陸・甲信越,https://www.beerkeyaki.jp/shop/archives/74/,beer,ルレクチェ＆ピーチホワイト,限定,,リユースグラス,275ml,275,500円,500,https://www.beerkeyaki.jp/beer/archives/334/
2,エチゴビール,北陸・甲信越,https://www.beerkeyaki.jp/shop/archives/74/,beer,青りんごスパークリング,限定,,LLサイズ,500ml,500,800円,800,https://www.beerkeyaki.jp/beer/archives/335/
2,エチゴビール,北陸・甲信越,https://www.beerkeyaki.jp/shop/archives/74/,beer,青りんごスパークリング,限定,,Mサイズ,300ml,300,500円,500,https://www.beerkeyaki.jp/beer/archives/335/
2,エチゴビール,北陸・甲信越,https://www.beerkeyaki.jp/shop/archives/74/,beer,青りんごスパークリング,限定,,リユースグラス,275ml,275,500円,500,https://www.beerkeyaki.jp/beer/archives/335/
2,エチゴビール,北陸・甲信越,https://www.beerkeyaki.jp/shop/archives/74/,beer,潤いホップの惚れ惚れエール,限定,,LLサイズ,500ml,500,800円,800,https://www.beerkeyaki.jp/beer/archives/824/
2,エチゴビール,北陸・甲信越,https://www.beerkeyaki.jp/shop/archives/74/,beer,潤いホップの惚れ惚れエール,限定,,Mサイズ,300ml,300,500円,500,https://www.beerkeyaki.jp/beer/archives/824/
2,エチゴビール,北陸・甲信越,https://www.beerkeyaki.jp/shop/archives/74/,beer,潤いホップの惚れ惚れエール,限定,,リユースグラス,275ml,275,500円,500,https://www.beerkeyaki.jp/beer/archives/824/
3,いわて蔵ビール,東北,https://www.beerkeyaki.jp/shop/archives/41/,set,5種飲み比べセット,,弊社のビールを5種類飲み比べできるセットです。色々な味わいを試せるのでオススメです。,,,,"1,800円",1800,
3,いわて蔵ビール,東北,https://www.beerkeyaki.jp/shop/archives/41/,beer,Japanese Herb Ale 山椒,おすすめ,,中サイズ,360ml,360,700円,700,https://www.beerkeyaki.jp/beer/archives/117/
3,いわて蔵ビール,東北,https://www.beerkeyaki.jp/shop/archives/41/,beer,Japanese Herb Ale 山椒,おすすめ,,大サイズ,540ml,540,"1,000円",1000,https://www.beerkeyaki.jp/beer/archives/117/
3,いわて蔵ビール,東北,https://www.beerkeyaki.jp/shop/archives/41/,beer,Japanese Herb Ale 山椒,おすすめ,,特大サイズ,720ml,720,"1,400円",1400,https://www.beerkeyaki.jp/beer/archives/117/
3,いわて蔵ビール,東北,https://www.beerkeyaki.jp/shop/archives/41/,beer,Japanese Herb Ale 山椒,おすすめ,,リユースグラス,275ml,275,500円,500,https://www.beerkeyaki.jp/beer/archives/117/
3,いわて蔵ビール,東北,https://www.beerkeyaki.jp/shop/archives/41/,beer,三陸牡蠣の黒ビール（オイスタースタウト）,,,中サイズ,360ml,360,700円,700,https://www.beerkeyaki.jp/beer/archives/118/
3,いわて蔵ビール,東北,https://www.beerkeyaki.jp/shop/archives/41/,beer,三陸牡蠣の黒ビール（オイスタースタウト）,,,大サイズ,540ml,540,"1,000円",1000,https://www.beerkeyaki.jp/beer/archives/118/
3,いわて蔵ビール,東北,https://www.beerkeyaki.jp/shop/archives/41/,beer,三陸牡蠣の黒ビール（オイスタースタウト）,,,特大サイズ,720ml,720,"1,400円",1400,https://www.beerkeyaki.jp/beer/archives/118/
3,いわて蔵ビール,東北,https://www.beerkeyaki.jp/shop/archives/41/,beer,三陸牡蠣の黒ビール（オイスタースタウト）,,,リユースグラス,275ml,275,500円,500,https://www.beerkeyaki.jp/beer/archives/118/
3,いわて蔵ビール,東北,https://www.beerkeyaki.jp/shop/archives/41/,beer,アイリッシュスタイル・レッドエール,,,中サイズ,360ml,360,700円,700,https://www.beerkeyaki.jp/beer/archives/119/
3,いわて蔵ビール,東北,https://www.beerkeyaki.jp/shop/archives/41/,beer,アイリッシュスタイル・レッドエール,,,大サイズ,540ml,540,"1,000円",1000,https://www.beerkeyaki.jp/beer/archives/119/
3,いわて蔵ビール,東北,https://www.beerkeyaki.jp/shop/archives/41/,beer,アイリッシュスタイル・レッドエール,,,特大サイズ,720ml,720,"1,400円",1400,https://www.beerkeyaki.jp/beer/archives/119/
3,いわて蔵ビール,東北,https://www.beerkeyaki.jp/shop/archives/41/,beer,アイリッシュスタイル・レッドエール,,,リユースグラス,275ml,275,500円,500,https://www.beerkeyaki.jp/beer/archives/119/
3,いわて蔵ビール,東北,https://www.beerkeyaki.jp/shop/archives/41/,beer,桜嵐IPA,,,中サイズ,360ml,360,700円,700,https://www.beerkeyaki.jp/beer/archives/944/
3,いわて蔵ビール,東北,https://www.beerkeyaki.jp/shop/archives/41/,beer,桜嵐IPA,,,大サイズ,540ml,540,"1,000円",1000,https://www.beerkeyaki.jp/beer/archives/944/
3,いわて蔵ビール,東北,https://www.beerkeyaki.jp/shop/archives/41/,beer,桜嵐IPA,,,特大サイズ,720ml,720,"1,400円",1400,https://www.beerkeyaki.jp/beer/archives/944/
3,いわて蔵ビール,東北,https://www.beerkeyaki.jp/shop/archives/41/,beer,桜嵐IPA,,,リユースグラス,275ml,275,500円,500,https://www.beerkeyaki.jp/beer/archives/944/
3,いわて蔵ビール,東北,https://www.beerkeyaki.jp/shop/archives/41/,beer,シークレットビール,,,中サイズ,360ml,360,700円,700,https://www.beerkeyaki.jp/beer/archives/773/
3,いわて蔵ビール,東北,https://www.beerkeyaki.jp/shop/archives/41/,beer,シークレットビール,,,大サイズ,540ml,540,"1,000円",1000,https://www.beerkeyaki.jp/beer/archives/773/
3,いわて蔵ビール,東北,https://www.beerkeyaki.jp/shop/archives/41/,beer,シークレットビール,,,特大サイズ,720ml,720,"1,400円",1400,https://www.beerkeyaki.jp/beer/archives/773/
3,いわて蔵ビール,東北,https://www.beerkeyaki.jp/shop/archives/41/,beer,シークレットビール,,,リユースグラス,275ml,275,500円,500,https://www.beerkeyaki.jp/beer/archives/773/
3,いわて蔵ビール,東北,https://www.beerkeyaki.jp/shop/archives/41/,beer,NOBUO　UEMATSU presents　俺のビール　WHITE MAGE,限定,,中サイズ,360ml,360,700円,700,https://www.beerkeyaki.jp/beer/archives/1047/
3,いわて蔵ビール,東北,https://www.beerkeyaki.jp/shop/archives/41/,beer,NOBUO　UEMATSU presents　俺のビール　WHITE MAGE,限定,,大サイズ,540ml,540,"1,000円",1000,https://www.beerkeyaki.jp/beer/archives/1047/
3,いわて蔵ビール,東北,https://www.beerkeyaki.jp/shop/archives/41/,beer,NOBUO　UEMATSU presents　俺のビール　WHITE MAGE,限定,,特大サイズ,720ml,720,"1,400円",1400,https://www.beerkeyaki.jp/beer/archives/1047/
3,いわて蔵ビール,東北,https://www.beerkeyaki.jp/shop/archives/41/,beer,NOBUO　UEMATSU presents　俺のビール　WHITE MAGE,限定,,リユースグラス,275ml,275,500円,500,https://www.beerkeyaki.jp/beer/archives/1047/
4,麦雑穀工房,関東,https://www.beerkeyaki.jp/shop/archives/69/,set,小川町セット（ビール4種+ホルモン焼き）,,200円お得な小川町セット。ホルモン大大がおすすめする『カシラ・タケノコ・モツ』を炭火で焼きあげて、香ばしい香りと旨味たっぷりのホルモン3種を麦雑穀工房のビールと一緒にお楽しみください。,,,,"2,400円",2400,
4,麦雑穀工房,関東,https://www.beerkeyaki.jp/shop/archives/69/,set,選べる4種飲み比べセット,,6種類の中からお好きなビールをお選びできます,,,,"1,600円",1600,
4,麦雑穀工房,関東,https://www.beerkeyaki.jp/shop/archives/69/,beer,雑穀ヴァイツェン,おすすめ,,レギュラー,360ml,360,800円,800,https://www.beerkeyaki.jp/beer/archives/218/
4,麦雑穀工房,関東,https://www.beerkeyaki.jp/shop/archives/69/,beer,雑穀ヴァイツェン,おすすめ,,リユースグラス,275ml,275,700円,700,https://www.beerkeyaki.jp/beer/archives/218/
4,麦雑穀工房,関東,https://www.beerkeyaki.jp/shop/archives/69/,beer,Mellow Times Lager,,,レギュラー,360ml,360,800円,800,https://www.beerkeyaki.jp/beer/archives/222/
4,麦雑穀工房,関東,https://www.beerkeyaki.jp/shop/archives/69/,beer,Mellow Times Lager,,,リユースグラス,275ml,275,700円,700,https://www.beerkeyaki.jp/beer/archives/222/
4,麦雑穀工房,関東,https://www.beerkeyaki.jp/shop/archives/69/,beer,夏への扉,,,レギュラー,360ml,360,800円,800,https://www.beerkeyaki.jp/beer/archives/803/
4,麦雑穀工房,関東,https://www.beerkeyaki.jp/shop/archives/69/,beer,夏への扉,,,リユースグラス,275ml,275,700円,700,https://www.beerkeyaki.jp/beer/archives/803/
4,麦雑穀工房,関東,https://www.beerkeyaki.jp/shop/archives/69/,beer,山椒ポーター,,,レギュラー,360ml,360,800円,800,https://www.beerkeyaki.jp/beer/archives/503/
4,麦雑穀工房,関東,https://www.beerkeyaki.jp/shop/archives/69/,beer,山椒ポーター,,,リユースグラス,275ml,275,700円,700,https://www.beerkeyaki.jp/beer/archives/503/
4,麦雑穀工房,関東,https://www.beerkeyaki.jp/shop/archives/69/,beer,イロドリセゾン,限定,,レギュラー,360ml,360,800円,800,https://www.beerkeyaki.jp/beer/archives/801/
4,麦雑穀工房,関東,https://www.beerkeyaki.jp/shop/archives/69/,beer,イロドリセゾン,限定,,リユースグラス,275ml,275,700円,700,https://www.beerkeyaki.jp/beer/archives/801/
4,麦雑穀工房,関東,https://www.beerkeyaki.jp/shop/archives/69/,beer,Pine Pine,限定,,缶ビール,350ml,350,"1,500円",1500,https://www.beerkeyaki.jp/beer/archives/955/
5,Y.MARKET BREWING,東海,https://www.beerkeyaki.jp/shop/archives/102/,set,4種のみ比べセット,,選べる4種のお得な飲み比べセットです！,,,,"1,400円",1400,
5,Y.MARKET BREWING,東海,https://www.beerkeyaki.jp/shop/archives/102/,beer,晴天交差点IPA,,,M,284ml,284,700円,700,https://www.beerkeyaki.jp/beer/archives/1063/
5,Y.MARKET BREWING,東海,https://www.beerkeyaki.jp/shop/archives/102/,beer,晴天交差点IPA,,,リユースグラス,275ml,275,700円,700,https://www.beerkeyaki.jp/beer/archives/1063/
5,Y.MARKET BREWING,東海,https://www.beerkeyaki.jp/shop/archives/102/,beer,Delay IPA,,,M,284ml,284,700円,700,https://www.beerkeyaki.jp/beer/archives/1064/
5,Y.MARKET BREWING,東海,https://www.beerkeyaki.jp/shop/archives/102/,beer,Delay IPA,,,リユースグラス,275ml,275,700円,700,https://www.beerkeyaki.jp/beer/archives/1064/
5,Y.MARKET BREWING,東海,https://www.beerkeyaki.jp/shop/archives/102/,beer,稲武フレッシュホップファームハウスエール2026,,,M,284ml,284,700円,700,https://www.beerkeyaki.jp/beer/archives/1065/
5,Y.MARKET BREWING,東海,https://www.beerkeyaki.jp/shop/archives/102/,beer,稲武フレッシュホップファームハウスエール2026,,,リユースグラス,275ml,275,700円,700,https://www.beerkeyaki.jp/beer/archives/1065/
5,Y.MARKET BREWING,東海,https://www.beerkeyaki.jp/shop/archives/102/,beer,GREEN TEA HAZY IPA,,,M,284ml,284,700円,700,https://www.beerkeyaki.jp/beer/archives/973/
5,Y.MARKET BREWING,東海,https://www.beerkeyaki.jp/shop/archives/102/,beer,GREEN TEA HAZY IPA,,,リユースグラス,275ml,275,700円,700,https://www.beerkeyaki.jp/beer/archives/973/
5,Y.MARKET BREWING,東海,https://www.beerkeyaki.jp/shop/archives/102/,beer,Purple Jet Sky,,,M,284ml,284,700円,700,https://www.beerkeyaki.jp/beer/archives/974/
5,Y.MARKET BREWING,東海,https://www.beerkeyaki.jp/shop/archives/102/,beer,Purple Jet Sky,,,リユースグラス,275ml,275,700円,700,https://www.beerkeyaki.jp/beer/archives/974/
5,Y.MARKET BREWING,東海,https://www.beerkeyaki.jp/shop/archives/102/,beer,純生アルト,,,M,284ml,284,700円,700,https://www.beerkeyaki.jp/beer/archives/675/
5,Y.MARKET BREWING,東海,https://www.beerkeyaki.jp/shop/archives/102/,beer,純生アルト,,,リユースグラス,275ml,275,700円,700,https://www.beerkeyaki.jp/beer/archives/675/
5,Y.MARKET BREWING,東海,https://www.beerkeyaki.jp/shop/archives/102/,beer,Hysteric IPA,おすすめ,,M,284ml,284,700円,700,https://www.beerkeyaki.jp/beer/archives/64/
5,Y.MARKET BREWING,東海,https://www.beerkeyaki.jp/shop/archives/102/,beer,Hysteric IPA,おすすめ,,リユースグラス,275ml,275,700円,700,https://www.beerkeyaki.jp/beer/archives/64/
5,Y.MARKET BREWING,東海,https://www.beerkeyaki.jp/shop/archives/102/,beer,NEW鬼ヶ島Ⅸ,,,M,284ml,284,700円,700,https://www.beerkeyaki.jp/beer/archives/976/
5,Y.MARKET BREWING,東海,https://www.beerkeyaki.jp/shop/archives/102/,beer,NEW鬼ヶ島Ⅸ,,,リユースグラス,275ml,275,700円,700,https://www.beerkeyaki.jp/beer/archives/976/
5,Y.MARKET BREWING,東海,https://www.beerkeyaki.jp/shop/archives/102/,beer,Yellow Sky Pale Ale　イエロースカイペールエール,,,M,284ml,284,700円,700,https://www.beerkeyaki.jp/beer/archives/65/
5,Y.MARKET BREWING,東海,https://www.beerkeyaki.jp/shop/archives/102/,beer,Yellow Sky Pale Ale　イエロースカイペールエール,,,リユースグラス,275ml,275,700円,700,https://www.beerkeyaki.jp/beer/archives/65/
5,Y.MARKET BREWING,東海,https://www.beerkeyaki.jp/shop/archives/102/,beer,Lupulin Nectar　ルプリンネクター,,,M,284ml,284,700円,700,https://www.beerkeyaki.jp/beer/archives/63/
5,Y.MARKET BREWING,東海,https://www.beerkeyaki.jp/shop/archives/102/,beer,Lupulin Nectar　ルプリンネクター,,,リユースグラス,275ml,275,700円,700,https://www.beerkeyaki.jp/beer/archives/63/
6,CRAFT BANK,近畿,https://www.beerkeyaki.jp/shop/archives/85/,set,4種飲み比べセット,,CRAFT BANKのビール4種お楽しみいただけます！,,,,"2,000円",2000,
6,CRAFT BANK,近畿,https://www.beerkeyaki.jp/shop/archives/85/,beer,KEYAKI ENGLISH IPL,,,MEGAサイズ,600ml,600,"1,400円",1400,https://www.beerkeyaki.jp/beer/archives/993/
6,CRAFT BANK,近畿,https://www.beerkeyaki.jp/shop/archives/85/,beer,KEYAKI ENGLISH IPL,,,Lサイズ,420ml,420,"1,000円",1000,https://www.beerkeyaki.jp/beer/archives/993/
6,CRAFT BANK,近畿,https://www.beerkeyaki.jp/shop/archives/85/,beer,KEYAKI ENGLISH IPL,,,Mサイズ,320ml,320,800円,800,https://www.beerkeyaki.jp/beer/archives/993/
6,CRAFT BANK,近畿,https://www.beerkeyaki.jp/shop/archives/85/,beer,KEYAKI ENGLISH IPL,,,リユースグラス,275ml,275,700円,700,https://www.beerkeyaki.jp/beer/archives/993/
6,CRAFT BANK,近畿,https://www.beerkeyaki.jp/shop/archives/85/,beer,BANK IPA,,,MEGAサイズ,600ml,600,"1,400円",1400,https://www.beerkeyaki.jp/beer/archives/841/
6,CRAFT BANK,近畿,https://www.beerkeyaki.jp/shop/archives/85/,beer,BANK IPA,,,Lサイズ,420ml,420,"1,000円",1000,https://www.beerkeyaki.jp/beer/archives/841/
6,CRAFT BANK,近畿,https://www.beerkeyaki.jp/shop/archives/85/,beer,BANK IPA,,,Mサイズ,320ml,320,800円,800,https://www.beerkeyaki.jp/beer/archives/841/
6,CRAFT BANK,近畿,https://www.beerkeyaki.jp/shop/archives/85/,beer,BANK IPA,,,リユースグラス,275ml,275,700円,700,https://www.beerkeyaki.jp/beer/archives/841/
6,CRAFT BANK,近畿,https://www.beerkeyaki.jp/shop/archives/85/,beer,KYOKU,,,MEGAサイズ,600ml,600,"1,400円",1400,https://www.beerkeyaki.jp/beer/archives/994/
6,CRAFT BANK,近畿,https://www.beerkeyaki.jp/shop/archives/85/,beer,KYOKU,,,Lサイズ,420ml,420,"1,000円",1000,https://www.beerkeyaki.jp/beer/archives/994/
6,CRAFT BANK,近畿,https://www.beerkeyaki.jp/shop/archives/85/,beer,KYOKU,,,Mサイズ,320ml,320,800円,800,https://www.beerkeyaki.jp/beer/archives/994/
6,CRAFT BANK,近畿,https://www.beerkeyaki.jp/shop/archives/85/,beer,KYOKU,,,リユースグラス,275ml,275,700円,700,https://www.beerkeyaki.jp/beer/archives/994/
6,CRAFT BANK,近畿,https://www.beerkeyaki.jp/shop/archives/85/,beer,BAGMAN IPA,,,MEGAサイズ,600ml,600,"1,400円",1400,https://www.beerkeyaki.jp/beer/archives/995/
6,CRAFT BANK,近畿,https://www.beerkeyaki.jp/shop/archives/85/,beer,BAGMAN IPA,,,Lサイズ,420ml,420,"1,000円",1000,https://www.beerkeyaki.jp/beer/archives/995/
6,CRAFT BANK,近畿,https://www.beerkeyaki.jp/shop/archives/85/,beer,BAGMAN IPA,,,Mサイズ,320ml,320,800円,800,https://www.beerkeyaki.jp/beer/archives/995/
6,CRAFT BANK,近畿,https://www.beerkeyaki.jp/shop/archives/85/,beer,BAGMAN IPA,,,リユースグラス,275ml,275,700円,700,https://www.beerkeyaki.jp/beer/archives/995/
6,CRAFT BANK,近畿,https://www.beerkeyaki.jp/shop/archives/85/,beer,BITTER BUG,,,MEGAサイズ,600ml,600,"1,400円",1400,https://www.beerkeyaki.jp/beer/archives/996/
6,CRAFT BANK,近畿,https://www.beerkeyaki.jp/shop/archives/85/,beer,BITTER BUG,,,Lサイズ,420ml,420,"1,000円",1000,https://www.beerkeyaki.jp/beer/archives/996/
6,CRAFT BANK,近畿,https://www.beerkeyaki.jp/shop/archives/85/,beer,BITTER BUG,,,Mサイズ,320ml,320,800円,800,https://www.beerkeyaki.jp/beer/archives/996/
6,CRAFT BANK,近畿,https://www.beerkeyaki.jp/shop/archives/85/,beer,BITTER BUG,,,リユースグラス,275ml,275,700円,700,https://www.beerkeyaki.jp/beer/archives/996/
6,CRAFT BANK,近畿,https://www.beerkeyaki.jp/shop/archives/85/,beer,COFFEE STOUT,限定,,MEGAサイズ,600ml,600,"1,400円",1400,https://www.beerkeyaki.jp/beer/archives/844/
6,CRAFT BANK,近畿,https://www.beerkeyaki.jp/shop/archives/85/,beer,COFFEE STOUT,限定,,Lサイズ,420ml,420,"1,000円",1000,https://www.beerkeyaki.jp/beer/archives/844/
6,CRAFT BANK,近畿,https://www.beerkeyaki.jp/shop/archives/85/,beer,COFFEE STOUT,限定,,Mサイズ,320ml,320,800円,800,https://www.beerkeyaki.jp/beer/archives/844/
6,CRAFT BANK,近畿,https://www.beerkeyaki.jp/shop/archives/85/,beer,COFFEE STOUT,限定,,リユースグラス,275ml,275,700円,700,https://www.beerkeyaki.jp/beer/archives/844/
6,CRAFT BANK,近畿,https://www.beerkeyaki.jp/shop/archives/85/,beer,LIME CRIME,,,MEGAサイズ,600ml,600,"1,400円",1400,https://www.beerkeyaki.jp/beer/archives/997/
6,CRAFT BANK,近畿,https://www.beerkeyaki.jp/shop/archives/85/,beer,LIME CRIME,,,Lサイズ,420ml,420,"1,000円",1000,https://www.beerkeyaki.jp/beer/archives/997/
6,CRAFT BANK,近畿,https://www.beerkeyaki.jp/shop/archives/85/,beer,LIME CRIME,,,Mサイズ,320ml,320,800円,800,https://www.beerkeyaki.jp/beer/archives/997/
6,CRAFT BANK,近畿,https://www.beerkeyaki.jp/shop/archives/85/,beer,LIME CRIME,,,リユースグラス,275ml,275,700円,700,https://www.beerkeyaki.jp/beer/archives/997/
6,CRAFT BANK,近畿,https://www.beerkeyaki.jp/shop/archives/85/,beer,LAB COAT,,,MEGAサイズ,600ml,600,"1,400円",1400,https://www.beerkeyaki.jp/beer/archives/998/
6,CRAFT BANK,近畿,https://www.beerkeyaki.jp/shop/archives/85/,beer,LAB COAT,,,Lサイズ,420ml,420,"1,000円",1000,https://www.beerkeyaki.jp/beer/archives/998/
6,CRAFT BANK,近畿,https://www.beerkeyaki.jp/shop/archives/85/,beer,LAB COAT,,,Mサイズ,320ml,320,800円,800,https://www.beerkeyaki.jp/beer/archives/998/
6,CRAFT BANK,近畿,https://www.beerkeyaki.jp/shop/archives/85/,beer,LAB COAT,,,リユースグラス,275ml,275,700円,700,https://www.beerkeyaki.jp/beer/archives/998/
7,別府ブルワリー,九州・沖縄,https://www.beerkeyaki.jp/shop/archives/92/,set,飲み比べセット（3種）,,提供中のビール（6種）から、お好きな3種をお選びいただけます！,,,,"1,600円",1600,
7,別府ブルワリー,九州・沖縄,https://www.beerkeyaki.jp/shop/archives/92/,set,飲み比べセット（6種）,,提供中のビール（6種）から、お好きな6種をお選びいただけます！,,,,"3,000円",3000,
7,別府ブルワリー,九州・沖縄,https://www.beerkeyaki.jp/shop/archives/92/,beer,Alsace Hopped Pils,,,レギュラー,410ml,410,900円,900,https://www.beerkeyaki.jp/beer/archives/1045/
7,別府ブルワリー,九州・沖縄,https://www.beerkeyaki.jp/shop/archives/92/,beer,Alsace Hopped Pils,,,ラージ,600ml,600,"1,400円",1400,https://www.beerkeyaki.jp/beer/archives/1045/
7,別府ブルワリー,九州・沖縄,https://www.beerkeyaki.jp/shop/archives/92/,beer,Alsace Hopped Pils,,,リユースグラス,275ml,275,600円,600,https://www.beerkeyaki.jp/beer/archives/1045/
7,別府ブルワリー,九州・沖縄,https://www.beerkeyaki.jp/shop/archives/92/,beer,Kabosu Saison（2026初摘みバージョン）,おすすめ,,レギュラー,410ml,410,"1,000円",1000,https://www.beerkeyaki.jp/beer/archives/628/
7,別府ブルワリー,九州・沖縄,https://www.beerkeyaki.jp/shop/archives/92/,beer,Kabosu Saison（2026初摘みバージョン）,おすすめ,,ラージ,600ml,600,"1,500円",1500,https://www.beerkeyaki.jp/beer/archives/628/
7,別府ブルワリー,九州・沖縄,https://www.beerkeyaki.jp/shop/archives/92/,beer,Kabosu Saison（2026初摘みバージョン）,おすすめ,,リユースグラス,275ml,275,700円,700,https://www.beerkeyaki.jp/beer/archives/628/
7,別府ブルワリー,九州・沖縄,https://www.beerkeyaki.jp/shop/archives/92/,beer,Oni IPA,,,レギュラー,410ml,410,900円,900,https://www.beerkeyaki.jp/beer/archives/869/
7,別府ブルワリー,九州・沖縄,https://www.beerkeyaki.jp/shop/archives/92/,beer,Oni IPA,,,ラージ,600ml,600,"1,400円",1400,https://www.beerkeyaki.jp/beer/archives/869/
7,別府ブルワリー,九州・沖縄,https://www.beerkeyaki.jp/shop/archives/92/,beer,Oni IPA,,,リユースグラス,275ml,275,600円,600,https://www.beerkeyaki.jp/beer/archives/869/
7,別府ブルワリー,九州・沖縄,https://www.beerkeyaki.jp/shop/archives/92/,beer,Noyaki Dark Lager,,,レギュラー,410ml,410,900円,900,https://www.beerkeyaki.jp/beer/archives/870/
7,別府ブルワリー,九州・沖縄,https://www.beerkeyaki.jp/shop/archives/92/,beer,Noyaki Dark Lager,,,ラージ,600ml,600,"1,400円",1400,https://www.beerkeyaki.jp/beer/archives/870/
7,別府ブルワリー,九州・沖縄,https://www.beerkeyaki.jp/shop/archives/92/,beer,Noyaki Dark Lager,,,リユースグラス,275ml,275,600円,600,https://www.beerkeyaki.jp/beer/archives/870/
7,別府ブルワリー,九州・沖縄,https://www.beerkeyaki.jp/shop/archives/92/,beer,Volcanic Cloud,,,レギュラー,410ml,410,"1,200円",1200,https://www.beerkeyaki.jp/beer/archives/871/
7,別府ブルワリー,九州・沖縄,https://www.beerkeyaki.jp/shop/archives/92/,beer,Volcanic Cloud,,,ラージ,600ml,600,"1,900円",1900,https://www.beerkeyaki.jp/beer/archives/871/
7,別府ブルワリー,九州・沖縄,https://www.beerkeyaki.jp/shop/archives/92/,beer,Volcanic Cloud,,,リユースグラス,275ml,275,900円,900,https://www.beerkeyaki.jp/beer/archives/871/
7,別府ブルワリー,九州・沖縄,https://www.beerkeyaki.jp/shop/archives/92/,beer,COCO Yu-Topia,,,レギュラー,410ml,410,"1,200円",1200,https://www.beerkeyaki.jp/beer/archives/889/
7,別府ブルワリー,九州・沖縄,https://www.beerkeyaki.jp/shop/archives/92/,beer,COCO Yu-Topia,,,ラージ,600ml,600,"1,900円",1900,https://www.beerkeyaki.jp/beer/archives/889/
7,別府ブルワリー,九州・沖縄,https://www.beerkeyaki.jp/shop/archives/92/,beer,COCO Yu-Topia,,,リユースグラス,275ml,275,900円,900,https://www.beerkeyaki.jp/beer/archives/889/
8,ISEKADO,東海,https://www.beerkeyaki.jp/shop/archives/82/,beer,Classic PALE ALE,おすすめ,,12オンス,355ml,355,700円,700,https://www.beerkeyaki.jp/beer/archives/280/
8,ISEKADO,東海,https://www.beerkeyaki.jp/shop/archives/82/,beer,Classic PALE ALE,おすすめ,,リユースグラス,275ml,275,600円,600,https://www.beerkeyaki.jp/beer/archives/280/
8,ISEKADO,東海,https://www.beerkeyaki.jp/shop/archives/82/,beer,HIME WHITE,,,12オンス,355ml,355,700円,700,https://www.beerkeyaki.jp/beer/archives/281/
8,ISEKADO,東海,https://www.beerkeyaki.jp/shop/archives/82/,beer,HIME WHITE,,,リユースグラス,275ml,275,600円,600,https://www.beerkeyaki.jp/beer/archives/281/
8,ISEKADO,東海,https://www.beerkeyaki.jp/shop/archives/82/,beer,ねこにひき,,,12オンス,355ml,355,900円,900,https://www.beerkeyaki.jp/beer/archives/282/
8,ISEKADO,東海,https://www.beerkeyaki.jp/shop/archives/82/,beer,ねこにひき,,,リユースグラス,275ml,275,800円,800,https://www.beerkeyaki.jp/beer/archives/282/
8,ISEKADO,東海,https://www.beerkeyaki.jp/shop/archives/82/,beer,おひさまエール,,,12オンス,355ml,355,900円,900,https://www.beerkeyaki.jp/beer/archives/283/
8,ISEKADO,東海,https://www.beerkeyaki.jp/shop/archives/82/,beer,おひさまエール,,,リユースグラス,275ml,275,800円,800,https://www.beerkeyaki.jp/beer/archives/283/
8,ISEKADO,東海,https://www.beerkeyaki.jp/shop/archives/82/,beer,West Coast Pilsner,,,12オンス,355ml,355,900円,900,https://www.beerkeyaki.jp/beer/archives/840/
8,ISEKADO,東海,https://www.beerkeyaki.jp/shop/archives/82/,beer,West Coast Pilsner,,,リユースグラス,275ml,275,800円,800,https://www.beerkeyaki.jp/beer/archives/840/
8,ISEKADO,東海,https://www.beerkeyaki.jp/shop/archives/82/,beer,ISEKADO 期間限定ビール,限定,,12オンス,355ml,355,900円,900,https://www.beerkeyaki.jp/beer/archives/285/
9,Kyoto Brewing CO.,近畿,https://www.beerkeyaki.jp/shop/archives/84/,beer,火の鳥たち,おすすめ / 限定,,,,,,,https://www.beerkeyaki.jp/beer/archives/988/
9,Kyoto Brewing CO.,近畿,https://www.beerkeyaki.jp/shop/archives/84/,beer,一期一会,,,Sサイズ,,,700円,700,https://www.beerkeyaki.jp/beer/archives/356/
9,Kyoto Brewing CO.,近畿,https://www.beerkeyaki.jp/shop/archives/84/,beer,一期一会,,,Mサイズ,,,900円,900,https://www.beerkeyaki.jp/beer/archives/356/
9,Kyoto Brewing CO.,近畿,https://www.beerkeyaki.jp/shop/archives/84/,beer,一期一会,,,Lサイズ,,,"1,100円",1100,https://www.beerkeyaki.jp/beer/archives/356/
9,Kyoto Brewing CO.,近畿,https://www.beerkeyaki.jp/shop/archives/84/,beer,一期一会,,,リユースグラス,,,800円,800,https://www.beerkeyaki.jp/beer/archives/356/
9,Kyoto Brewing CO.,近畿,https://www.beerkeyaki.jp/shop/archives/84/,beer,一意専心,,,Sサイズ,,,700円,700,https://www.beerkeyaki.jp/beer/archives/357/
9,Kyoto Brewing CO.,近畿,https://www.beerkeyaki.jp/shop/archives/84/,beer,一意専心,,,Mサイズ,,,900円,900,https://www.beerkeyaki.jp/beer/archives/357/
9,Kyoto Brewing CO.,近畿,https://www.beerkeyaki.jp/shop/archives/84/,beer,一意専心,,,Lサイズ,,,"1,100円",1100,https://www.beerkeyaki.jp/beer/archives/357/
9,Kyoto Brewing CO.,近畿,https://www.beerkeyaki.jp/shop/archives/84/,beer,一意専心,,,リユースグラス,,,800円,800,https://www.beerkeyaki.jp/beer/archives/357/
9,Kyoto Brewing CO.,近畿,https://www.beerkeyaki.jp/shop/archives/84/,beer,週休6日,,,Sサイズ,,,700円,700,https://www.beerkeyaki.jp/beer/archives/358/
9,Kyoto Brewing CO.,近畿,https://www.beerkeyaki.jp/shop/archives/84/,beer,週休6日,,,Mサイズ,,,900円,900,https://www.beerkeyaki.jp/beer/archives/358/
9,Kyoto Brewing CO.,近畿,https://www.beerkeyaki.jp/shop/archives/84/,beer,週休6日,,,Lサイズ,,,"1,100円",1100,https://www.beerkeyaki.jp/beer/archives/358/
9,Kyoto Brewing CO.,近畿,https://www.beerkeyaki.jp/shop/archives/84/,beer,週休6日,,,リユースグラス,,,800円,800,https://www.beerkeyaki.jp/beer/archives/358/
9,Kyoto Brewing CO.,近畿,https://www.beerkeyaki.jp/shop/archives/84/,beer,夏の気まぐれ,,,Sサイズ,,,700円,700,https://www.beerkeyaki.jp/beer/archives/684/
9,Kyoto Brewing CO.,近畿,https://www.beerkeyaki.jp/shop/archives/84/,beer,夏の気まぐれ,,,Mサイズ,,,900円,900,https://www.beerkeyaki.jp/beer/archives/684/
9,Kyoto Brewing CO.,近畿,https://www.beerkeyaki.jp/shop/archives/84/,beer,夏の気まぐれ,,,Lサイズ,,,"1,100円",1100,https://www.beerkeyaki.jp/beer/archives/684/
9,Kyoto Brewing CO.,近畿,https://www.beerkeyaki.jp/shop/archives/84/,beer,夏の気まぐれ,,,リユースグラス,,,800円,800,https://www.beerkeyaki.jp/beer/archives/684/
9,Kyoto Brewing CO.,近畿,https://www.beerkeyaki.jp/shop/archives/84/,beer,秋の気まぐれ,,,Sサイズ,,,700円,700,https://www.beerkeyaki.jp/beer/archives/525/
9,Kyoto Brewing CO.,近畿,https://www.beerkeyaki.jp/shop/archives/84/,beer,秋の気まぐれ,,,Mサイズ,,,900円,900,https://www.beerkeyaki.jp/beer/archives/525/
9,Kyoto Brewing CO.,近畿,https://www.beerkeyaki.jp/shop/archives/84/,beer,秋の気まぐれ,,,Lサイズ,,,"1,100円",1100,https://www.beerkeyaki.jp/beer/archives/525/
9,Kyoto Brewing CO.,近畿,https://www.beerkeyaki.jp/shop/archives/84/,beer,乳糖依存症,限定,,Sサイズ,,,800円,800,https://www.beerkeyaki.jp/beer/archives/989/
9,Kyoto Brewing CO.,近畿,https://www.beerkeyaki.jp/shop/archives/84/,beer,乳糖依存症,限定,,Mサイズ,,,"1,000円",1000,https://www.beerkeyaki.jp/beer/archives/989/
9,Kyoto Brewing CO.,近畿,https://www.beerkeyaki.jp/shop/archives/84/,beer,乳糖依存症,限定,,Lサイズ,,,"1,200円",1200,https://www.beerkeyaki.jp/beer/archives/989/
9,Kyoto Brewing CO.,近畿,https://www.beerkeyaki.jp/shop/archives/84/,beer,乳糖依存症,限定,,リユースグラス,,,900円,900,https://www.beerkeyaki.jp/beer/archives/989/
9,Kyoto Brewing CO.,近畿,https://www.beerkeyaki.jp/shop/archives/84/,beer,天体観望,限定,,Sサイズ,,,800円,800,https://www.beerkeyaki.jp/beer/archives/990/
9,Kyoto Brewing CO.,近畿,https://www.beerkeyaki.jp/shop/archives/84/,beer,天体観望,限定,,Mサイズ,,,"1,000円",1000,https://www.beerkeyaki.jp/beer/archives/990/
9,Kyoto Brewing CO.,近畿,https://www.beerkeyaki.jp/shop/archives/84/,beer,天体観望,限定,,Lサイズ,,,"1,200円",1200,https://www.beerkeyaki.jp/beer/archives/990/
9,Kyoto Brewing CO.,近畿,https://www.beerkeyaki.jp/shop/archives/84/,beer,天体観望,限定,,リユースグラス,,,900円,900,https://www.beerkeyaki.jp/beer/archives/990/
9,Kyoto Brewing CO.,近畿,https://www.beerkeyaki.jp/shop/archives/84/,beer,潤,限定,,Sサイズ,,,800円,800,https://www.beerkeyaki.jp/beer/archives/991/
9,Kyoto Brewing CO.,近畿,https://www.beerkeyaki.jp/shop/archives/84/,beer,潤,限定,,Mサイズ,,,"1,000円",1000,https://www.beerkeyaki.jp/beer/archives/991/
9,Kyoto Brewing CO.,近畿,https://www.beerkeyaki.jp/shop/archives/84/,beer,潤,限定,,Lサイズ,,,"1,200円",1200,https://www.beerkeyaki.jp/beer/archives/991/
9,Kyoto Brewing CO.,近畿,https://www.beerkeyaki.jp/shop/archives/84/,beer,潤,限定,,リユースグラス,,,900円,900,https://www.beerkeyaki.jp/beer/archives/991/
9,Kyoto Brewing CO.,近畿,https://www.beerkeyaki.jp/shop/archives/84/,beer,つぶつむ,限定,,Sサイズ,,,800円,800,https://www.beerkeyaki.jp/beer/archives/992/
9,Kyoto Brewing CO.,近畿,https://www.beerkeyaki.jp/shop/archives/84/,beer,つぶつむ,限定,,Mサイズ,,,"1,000円",1000,https://www.beerkeyaki.jp/beer/archives/992/
9,Kyoto Brewing CO.,近畿,https://www.beerkeyaki.jp/shop/archives/84/,beer,つぶつむ,限定,,Lサイズ,,,"1,200円",1200,https://www.beerkeyaki.jp/beer/archives/992/
9,Kyoto Brewing CO.,近畿,https://www.beerkeyaki.jp/shop/archives/84/,beer,つぶつむ,限定,,リユースグラス,,,900円,900,https://www.beerkeyaki.jp/beer/archives/992/
9,Kyoto Brewing CO.,近畿,https://www.beerkeyaki.jp/shop/archives/84/,beer,かんぱい,,,Sサイズ,,,700円,700,https://www.beerkeyaki.jp/beer/archives/683/
9,Kyoto Brewing CO.,近畿,https://www.beerkeyaki.jp/shop/archives/84/,beer,かんぱい,,,Mサイズ,,,900円,900,https://www.beerkeyaki.jp/beer/archives/683/
9,Kyoto Brewing CO.,近畿,https://www.beerkeyaki.jp/shop/archives/84/,beer,かんぱい,,,Lサイズ,,,"1,100円",1100,https://www.beerkeyaki.jp/beer/archives/683/
9,Kyoto Brewing CO.,近畿,https://www.beerkeyaki.jp/shop/archives/84/,beer,かんぱい,,,リユースグラス,,,800円,800,https://www.beerkeyaki.jp/beer/archives/683/
10,ヒメビール,中国・四国,https://www.beerkeyaki.jp/shop/archives/106/,set,4種飲み比べセット,,個性豊かな4つの味わいを一度に楽しめる、贅沢飲み比べセットです。,,,,"2,500円",2500,
10,ヒメビール,中国・四国,https://www.beerkeyaki.jp/shop/archives/106/,beer,カラン　いよかんフルーツエール,,,9オンス,270ml,270,800円,800,https://www.beerkeyaki.jp/beer/archives/864/
10,ヒメビール,中国・四国,https://www.beerkeyaki.jp/shop/archives/106/,beer,カラン　いよかんフルーツエール,,,リユースグラス,275ml,275,800円,800,https://www.beerkeyaki.jp/beer/archives/864/
10,ヒメビール,中国・四国,https://www.beerkeyaki.jp/shop/archives/106/,beer,カラン　日向夏フルーツエール,,,9オンス,270ml,270,800円,800,https://www.beerkeyaki.jp/beer/archives/622/
10,ヒメビール,中国・四国,https://www.beerkeyaki.jp/shop/archives/106/,beer,カラン　日向夏フルーツエール,,,リユースグラス,275ml,275,800円,800,https://www.beerkeyaki.jp/beer/archives/622/
10,ヒメビール,中国・四国,https://www.beerkeyaki.jp/shop/archives/106/,beer,カラン　ブラッドオレンジフルーツエール,,,9オンス,270ml,270,800円,800,https://www.beerkeyaki.jp/beer/archives/624/
10,ヒメビール,中国・四国,https://www.beerkeyaki.jp/shop/archives/106/,beer,カラン　ブラッドオレンジフルーツエール,,,リユースグラス,275ml,275,800円,800,https://www.beerkeyaki.jp/beer/archives/624/
10,ヒメビール,中国・四国,https://www.beerkeyaki.jp/shop/archives/106/,beer,ル・レクチェ　フルーツエール,,,9オンス,270ml,270,800円,800,https://www.beerkeyaki.jp/beer/archives/865/
10,ヒメビール,中国・四国,https://www.beerkeyaki.jp/shop/archives/106/,beer,ル・レクチェ　フルーツエール,,,リユースグラス,275ml,275,800円,800,https://www.beerkeyaki.jp/beer/archives/865/
10,ヒメビール,中国・四国,https://www.beerkeyaki.jp/shop/archives/106/,beer,ドルトムンダー,,,9オンス,270ml,270,800円,800,https://www.beerkeyaki.jp/beer/archives/866/
10,ヒメビール,中国・四国,https://www.beerkeyaki.jp/shop/archives/106/,beer,ドルトムンダー,,,リユースグラス,275ml,275,800円,800,https://www.beerkeyaki.jp/beer/archives/866/
10,ヒメビール,中国・四国,https://www.beerkeyaki.jp/shop/archives/106/,beer,HIME BEER　セゾン,,,9オンス,270ml,270,800円,800,https://www.beerkeyaki.jp/beer/archives/867/
10,ヒメビール,中国・四国,https://www.beerkeyaki.jp/shop/archives/106/,beer,HIME BEER　セゾン,,,リユースグラス,275ml,275,800円,800,https://www.beerkeyaki.jp/beer/archives/867/
10,ヒメビール,中国・四国,https://www.beerkeyaki.jp/shop/archives/106/,beer,HIME BEER　ペールエール,,,9オンス,270ml,270,800円,800,https://www.beerkeyaki.jp/beer/archives/626/
10,ヒメビール,中国・四国,https://www.beerkeyaki.jp/shop/archives/106/,beer,HIME BEER　ペールエール,,,リユースグラス,275ml,275,800円,800,https://www.beerkeyaki.jp/beer/archives/626/
10,ヒメビール,中国・四国,https://www.beerkeyaki.jp/shop/archives/106/,beer,HIME BEER　IPA,,,9オンス,270ml,270,800円,800,https://www.beerkeyaki.jp/beer/archives/868/
10,ヒメビール,中国・四国,https://www.beerkeyaki.jp/shop/archives/106/,beer,HIME BEER　IPA,,,リユースグラス,275ml,275,800円,800,https://www.beerkeyaki.jp/beer/archives/868/
11,AGARIHAMA　BREWERY,九州・沖縄,https://www.beerkeyaki.jp/shop/archives/107/,set,與那城セット,,"◆【與那城セット：No.5〜No.8】
ひと味違う、個性派を楽しむ4種の飲み比べ。",,,,"2,000円",2000,
11,AGARIHAMA　BREWERY,九州・沖縄,https://www.beerkeyaki.jp/shop/archives/107/,beer,けやき先行開栓シーサー＆ドラゴン,限定,,Mサイズ,400ml,400,,,https://www.beerkeyaki.jp/beer/archives/1025/
11,AGARIHAMA　BREWERY,九州・沖縄,https://www.beerkeyaki.jp/shop/archives/107/,beer,AGARIHAMA IPA,,,Mサイズ,400ml,400,"1,200円",1200,https://www.beerkeyaki.jp/beer/archives/556/
11,AGARIHAMA　BREWERY,九州・沖縄,https://www.beerkeyaki.jp/shop/archives/107/,beer,AGARIHAMA IPA,,,リユースグラス,275ml,275,600円,600,https://www.beerkeyaki.jp/beer/archives/556/
11,AGARIHAMA　BREWERY,九州・沖縄,https://www.beerkeyaki.jp/shop/archives/107/,beer,SUNRISE PALE ALE,,,Mサイズ,400ml,400,"1,200円",1200,https://www.beerkeyaki.jp/beer/archives/557/
11,AGARIHAMA　BREWERY,九州・沖縄,https://www.beerkeyaki.jp/shop/archives/107/,beer,SUNRISE PALE ALE,,,リユースグラス,275ml,275,600円,600,https://www.beerkeyaki.jp/beer/archives/557/
11,AGARIHAMA　BREWERY,九州・沖縄,https://www.beerkeyaki.jp/shop/archives/107/,beer,GAJUMARU  WIPA,,,Mサイズ,400ml,400,"1,200円",1200,https://www.beerkeyaki.jp/beer/archives/558/
11,AGARIHAMA　BREWERY,九州・沖縄,https://www.beerkeyaki.jp/shop/archives/107/,beer,GAJUMARU  WIPA,,,リユースグラス,275ml,275,6円,6,https://www.beerkeyaki.jp/beer/archives/558/
11,AGARIHAMA　BREWERY,九州・沖縄,https://www.beerkeyaki.jp/shop/archives/107/,beer,HOPEMOTION,,,Mサイズ,400ml,400,"1,200円",1200,https://www.beerkeyaki.jp/beer/archives/1026/
11,AGARIHAMA　BREWERY,九州・沖縄,https://www.beerkeyaki.jp/shop/archives/107/,beer,HOPEMOTION,,,リユースグラス,275ml,275,600円,600,https://www.beerkeyaki.jp/beer/archives/1026/
11,AGARIHAMA　BREWERY,九州・沖縄,https://www.beerkeyaki.jp/shop/archives/107/,beer,金城マンゴーエール,限定,,Mサイズ,400ml,400,"1,200円",1200,https://www.beerkeyaki.jp/beer/archives/560/
11,AGARIHAMA　BREWERY,九州・沖縄,https://www.beerkeyaki.jp/shop/archives/107/,beer,金城マンゴーエール,限定,,リユースグラス,275ml,275,600円,600,https://www.beerkeyaki.jp/beer/archives/560/
11,AGARIHAMA　BREWERY,九州・沖縄,https://www.beerkeyaki.jp/shop/archives/107/,beer,石垣島ライスラガー,,,Mサイズ,400ml,400,"1,200円",1200,https://www.beerkeyaki.jp/beer/archives/1027/
11,AGARIHAMA　BREWERY,九州・沖縄,https://www.beerkeyaki.jp/shop/archives/107/,beer,石垣島ライスラガー,,,リユースグラス,275ml,275,600円,600,https://www.beerkeyaki.jp/beer/archives/1027/
11,AGARIHAMA　BREWERY,九州・沖縄,https://www.beerkeyaki.jp/shop/archives/107/,beer,すいかに～に～#2,限定,,Mサイズ,4ml,4,"1,200円",1200,https://www.beerkeyaki.jp/beer/archives/1028/
11,AGARIHAMA　BREWERY,九州・沖縄,https://www.beerkeyaki.jp/shop/archives/107/,beer,すいかに～に～#2,限定,,リユースグラス,275ml,275,600円,600,https://www.beerkeyaki.jp/beer/archives/1028/
12,BLUE MAGIC,関東,https://www.beerkeyaki.jp/shop/archives/68/,set,BM選べる4種飲み比べ,,日替わりにて開栓中の液種から選べる4種の飲み比べセット,,,,"2,000円",2000,
12,BLUE MAGIC,関東,https://www.beerkeyaki.jp/shop/archives/68/,beer,BM Keyaki SP,おすすめ / 限定,,Mサイズ,300ml,300,800円,800,https://www.beerkeyaki.jp/beer/archives/782/
12,BLUE MAGIC,関東,https://www.beerkeyaki.jp/shop/archives/68/,beer,BM Keyaki SP,おすすめ / 限定,,Lサイズ,450ml,450,"1,200円",1200,https://www.beerkeyaki.jp/beer/archives/782/
12,BLUE MAGIC,関東,https://www.beerkeyaki.jp/shop/archives/68/,beer,BM Keyaki SP,おすすめ / 限定,,LLサイズ,550ml,550,"1,500円",1500,https://www.beerkeyaki.jp/beer/archives/782/
12,BLUE MAGIC,関東,https://www.beerkeyaki.jp/shop/archives/68/,beer,BM Keyaki SP,おすすめ / 限定,,BIGサイズ,"1,000ml",1000,"2,300円",2300,https://www.beerkeyaki.jp/beer/archives/782/
12,BLUE MAGIC,関東,https://www.beerkeyaki.jp/shop/archives/68/,beer,BM Keyaki SP,おすすめ / 限定,,リユースグラス,275ml,275,700円,700,https://www.beerkeyaki.jp/beer/archives/782/
13,U.B.P BREWERY,関東,https://www.beerkeyaki.jp/shop/archives/70/,set,４種飲み比べセット,,おすすめビール飲み比べ,,,,"1,700円",1700,
13,U.B.P BREWERY,関東,https://www.beerkeyaki.jp/shop/archives/70/,set,5種飲み比べセット,,おすすめビール飲み比べ,,,,"2,000円",2000,
13,U.B.P BREWERY,関東,https://www.beerkeyaki.jp/shop/archives/70/,beer,KEYAKI ANTHENM,おすすめ / 限定,,Rサイズ,380ml,380,900円,900,https://www.beerkeyaki.jp/beer/archives/236/
13,U.B.P BREWERY,関東,https://www.beerkeyaki.jp/shop/archives/70/,beer,KEYAKI ANTHENM,おすすめ / 限定,,リユースグラス,275ml,275,700円,700,https://www.beerkeyaki.jp/beer/archives/236/
13,U.B.P BREWERY,関東,https://www.beerkeyaki.jp/shop/archives/70/,beer,URAWA CITY ALE,,,Rサイズ,380ml,380,800円,800,https://www.beerkeyaki.jp/beer/archives/240/
13,U.B.P BREWERY,関東,https://www.beerkeyaki.jp/shop/archives/70/,beer,URAWA CITY ALE,,,リユースグラス,275ml,275,600円,600,https://www.beerkeyaki.jp/beer/archives/240/
13,U.B.P BREWERY,関東,https://www.beerkeyaki.jp/shop/archives/70/,beer,Kickoff Pils,,,Rサイズ,380ml,380,800円,800,https://www.beerkeyaki.jp/beer/archives/237/
13,U.B.P BREWERY,関東,https://www.beerkeyaki.jp/shop/archives/70/,beer,Kickoff Pils,,,リユースグラス,275ml,275,600円,600,https://www.beerkeyaki.jp/beer/archives/237/
13,U.B.P BREWERY,関東,https://www.beerkeyaki.jp/shop/archives/70/,beer,彩白～IROHA～,,,Rサイズ,380ml,380,800円,800,https://www.beerkeyaki.jp/beer/archives/238/
13,U.B.P BREWERY,関東,https://www.beerkeyaki.jp/shop/archives/70/,beer,彩白～IROHA～,,,リユースグラス,275ml,275,600円,600,https://www.beerkeyaki.jp/beer/archives/238/
14,Yellow Beer Works,東北,https://www.beerkeyaki.jp/shop/archives/51/,set,4種飲み比べセット,,Hazy IPAやカラフルなスムージー、サワー、ラガーなど4種類の飲み比べセットです。,,,,"1,800円",1800,
14,Yellow Beer Works,東北,https://www.beerkeyaki.jp/shop/archives/51/,set,８種飲み比べセット（デラックスセット）,,開栓しているすべてのビールの飲み比べできる豪華なセットです。,,,,"3,000円",3000,
14,Yellow Beer Works,東北,https://www.beerkeyaki.jp/shop/archives/51/,beer,けやきビール（仮）,おすすめ,,Mサイズ,300ml,300,800円,800,https://www.beerkeyaki.jp/beer/archives/776/
14,Yellow Beer Works,東北,https://www.beerkeyaki.jp/shop/archives/51/,beer,けやきビール（仮）,おすすめ,,Lサイズ,400ml,400,900円,900,https://www.beerkeyaki.jp/beer/archives/776/
14,Yellow Beer Works,東北,https://www.beerkeyaki.jp/shop/archives/51/,beer,けやきビール（仮）,おすすめ,,リユースグラス,275ml,275,700円,700,https://www.beerkeyaki.jp/beer/archives/776/
14,Yellow Beer Works,東北,https://www.beerkeyaki.jp/shop/archives/51/,beer,Hazy IPA,,,Mサイズ,300ml,300,800円,800,https://www.beerkeyaki.jp/beer/archives/166/
14,Yellow Beer Works,東北,https://www.beerkeyaki.jp/shop/archives/51/,beer,Hazy IPA,,,Lサイズ,400ml,400,900円,900,https://www.beerkeyaki.jp/beer/archives/166/
14,Yellow Beer Works,東北,https://www.beerkeyaki.jp/shop/archives/51/,beer,Hazy IPA,,,リユースグラス,275ml,275,700円,700,https://www.beerkeyaki.jp/beer/archives/166/
14,Yellow Beer Works,東北,https://www.beerkeyaki.jp/shop/archives/51/,beer,IPA,,,Mサイズ,300ml,300,800円,800,https://www.beerkeyaki.jp/beer/archives/168/
14,Yellow Beer Works,東北,https://www.beerkeyaki.jp/shop/archives/51/,beer,IPA,,,Lサイズ,400ml,400,900円,900,https://www.beerkeyaki.jp/beer/archives/168/
14,Yellow Beer Works,東北,https://www.beerkeyaki.jp/shop/archives/51/,beer,IPA,,,リユースグラス,275ml,275,700円,700,https://www.beerkeyaki.jp/beer/archives/168/
14,Yellow Beer Works,東北,https://www.beerkeyaki.jp/shop/archives/51/,beer,Rice lager,,,Mサイズ,300ml,300,800円,800,https://www.beerkeyaki.jp/beer/archives/167/
14,Yellow Beer Works,東北,https://www.beerkeyaki.jp/shop/archives/51/,beer,Rice lager,,,Lサイズ,400ml,400,900円,900,https://www.beerkeyaki.jp/beer/archives/167/
14,Yellow Beer Works,東北,https://www.beerkeyaki.jp/shop/archives/51/,beer,Rice lager,,,リユースグラス,275ml,275,700円,700,https://www.beerkeyaki.jp/beer/archives/167/
14,Yellow Beer Works,東北,https://www.beerkeyaki.jp/shop/archives/51/,beer,フルーツサワーエール,,,Mサイズ,300ml,300,800円,800,https://www.beerkeyaki.jp/beer/archives/778/
14,Yellow Beer Works,東北,https://www.beerkeyaki.jp/shop/archives/51/,beer,フルーツサワーエール,,,Lサイズ,400ml,400,900円,900,https://www.beerkeyaki.jp/beer/archives/778/
14,Yellow Beer Works,東北,https://www.beerkeyaki.jp/shop/archives/51/,beer,フルーツサワーエール,,,リユースグラス,275ml,275,700円,700,https://www.beerkeyaki.jp/beer/archives/778/
14,Yellow Beer Works,東北,https://www.beerkeyaki.jp/shop/archives/51/,beer,ラッシーサワーエール,おすすめ,,Mサイズ,300ml,300,900円,900,https://www.beerkeyaki.jp/beer/archives/164/
14,Yellow Beer Works,東北,https://www.beerkeyaki.jp/shop/archives/51/,beer,ラッシーサワーエール,おすすめ,,Lサイズ,400ml,400,"1,000円",1000,https://www.beerkeyaki.jp/beer/archives/164/
14,Yellow Beer Works,東北,https://www.beerkeyaki.jp/shop/archives/51/,beer,ラッシーサワーエール,おすすめ,,リユースグラス,275ml,275,800円,800,https://www.beerkeyaki.jp/beer/archives/164/
14,Yellow Beer Works,東北,https://www.beerkeyaki.jp/shop/archives/51/,beer,シークレット,,,Mサイズ,300ml,300,800円,800,https://www.beerkeyaki.jp/beer/archives/170/
14,Yellow Beer Works,東北,https://www.beerkeyaki.jp/shop/archives/51/,beer,シークレット,,,Lサイズ,400ml,400,900円,900,https://www.beerkeyaki.jp/beer/archives/170/
14,Yellow Beer Works,東北,https://www.beerkeyaki.jp/shop/archives/51/,beer,シークレット,,,リユースグラス,275ml,275,700円,700,https://www.beerkeyaki.jp/beer/archives/170/
15,鳴子温泉ブルワリー,東北,https://www.beerkeyaki.jp/shop/archives/46/,set,4種飲み比べセット,,鳴子温泉ブルワリーおすすめのビールが飲めるお得な飲み比べセットです！,,,,"1,600円",1600,
15,鳴子温泉ブルワリー,東北,https://www.beerkeyaki.jp/shop/archives/46/,beer,高原ラガー,おすすめ,,中サイズ,360ml,360,800円,800,https://www.beerkeyaki.jp/beer/archives/152/
15,鳴子温泉ブルワリー,東北,https://www.beerkeyaki.jp/shop/archives/46/,beer,高原ラガー,おすすめ,,大サイズ,550ml,550,"1,000円",1000,https://www.beerkeyaki.jp/beer/archives/152/
15,鳴子温泉ブルワリー,東北,https://www.beerkeyaki.jp/shop/archives/46/,beer,高原ラガー,おすすめ,,リユースグラス,275ml,275,600円,600,https://www.beerkeyaki.jp/beer/archives/152/
15,鳴子温泉ブルワリー,東北,https://www.beerkeyaki.jp/shop/archives/46/,beer,ゆきむすび,,,中サイズ,360ml,360,800円,800,https://www.beerkeyaki.jp/beer/archives/153/
15,鳴子温泉ブルワリー,東北,https://www.beerkeyaki.jp/shop/archives/46/,beer,ゆきむすび,,,大サイズ,550ml,550,"1,000円",1000,https://www.beerkeyaki.jp/beer/archives/153/
15,鳴子温泉ブルワリー,東北,https://www.beerkeyaki.jp/shop/archives/46/,beer,ゆきむすび,,,リユースグラス,275ml,275,600円,600,https://www.beerkeyaki.jp/beer/archives/153/
15,鳴子温泉ブルワリー,東北,https://www.beerkeyaki.jp/shop/archives/46/,beer,山ぶどう,,,中サイズ,360ml,360,800円,800,https://www.beerkeyaki.jp/beer/archives/154/
15,鳴子温泉ブルワリー,東北,https://www.beerkeyaki.jp/shop/archives/46/,beer,山ぶどう,,,大サイズ,550ml,550,"1,000円",1000,https://www.beerkeyaki.jp/beer/archives/154/
15,鳴子温泉ブルワリー,東北,https://www.beerkeyaki.jp/shop/archives/46/,beer,山ぶどう,,,リユースグラス,275ml,275,600円,600,https://www.beerkeyaki.jp/beer/archives/154/
15,鳴子温泉ブルワリー,東北,https://www.beerkeyaki.jp/shop/archives/46/,beer,パイナップル,,,中サイズ,360ml,360,800円,800,https://www.beerkeyaki.jp/beer/archives/156/
15,鳴子温泉ブルワリー,東北,https://www.beerkeyaki.jp/shop/archives/46/,beer,パイナップル,,,大サイズ,550ml,550,"1,000円",1000,https://www.beerkeyaki.jp/beer/archives/156/
15,鳴子温泉ブルワリー,東北,https://www.beerkeyaki.jp/shop/archives/46/,beer,パイナップル,,,リユースグラス,275ml,275,600円,600,https://www.beerkeyaki.jp/beer/archives/156/
16,反射炉ビヤ,東海,https://www.beerkeyaki.jp/shop/archives/80/,set,4種飲み比べセット,,当店おすすめビールの4種飲み比べです,,,,"1,900円",1900,
16,反射炉ビヤ,東海,https://www.beerkeyaki.jp/shop/archives/80/,set,6種飲み比べセット,,当店おすすめビールの6種飲み比べです,,,,"2,800円",2800,
16,反射炉ビヤ,東海,https://www.beerkeyaki.jp/shop/archives/80/,beer,Keyaki Coast IPA 2026秋ver.,限定,,Sサイズ,210ml,210,500円,500,https://www.beerkeyaki.jp/beer/archives/959/
16,反射炉ビヤ,東海,https://www.beerkeyaki.jp/shop/archives/80/,beer,Keyaki Coast IPA 2026秋ver.,限定,,Mサイズ,360ml,360,800円,800,https://www.beerkeyaki.jp/beer/archives/959/
16,反射炉ビヤ,東海,https://www.beerkeyaki.jp/shop/archives/80/,beer,Keyaki Coast IPA 2026秋ver.,限定,,Lサイズ,600ml,600,"1,300円",1300,https://www.beerkeyaki.jp/beer/archives/959/
16,反射炉ビヤ,東海,https://www.beerkeyaki.jp/shop/archives/80/,beer,Keyaki Coast IPA 2026秋ver.,限定,,リユースグラス,275ml,275,700円,700,https://www.beerkeyaki.jp/beer/archives/959/
16,反射炉ビヤ,東海,https://www.beerkeyaki.jp/shop/archives/80/,beer,New World Kölsch,,,Sサイズ,210ml,210,500円,500,https://www.beerkeyaki.jp/beer/archives/88/
16,反射炉ビヤ,東海,https://www.beerkeyaki.jp/shop/archives/80/,beer,New World Kölsch,,,Mサイズ,360ml,360,800円,800,https://www.beerkeyaki.jp/beer/archives/88/
16,反射炉ビヤ,東海,https://www.beerkeyaki.jp/shop/archives/80/,beer,New World Kölsch,,,Lサイズ,600ml,600,"1,300円",1300,https://www.beerkeyaki.jp/beer/archives/88/
16,反射炉ビヤ,東海,https://www.beerkeyaki.jp/shop/archives/80/,beer,New World Kölsch,,,リユースグラス,275ml,275,700円,700,https://www.beerkeyaki.jp/beer/archives/88/
16,反射炉ビヤ,東海,https://www.beerkeyaki.jp/shop/archives/80/,beer,早雲,,,Sサイズ,210ml,210,500円,500,https://www.beerkeyaki.jp/beer/archives/731/
16,反射炉ビヤ,東海,https://www.beerkeyaki.jp/shop/archives/80/,beer,早雲,,,Mサイズ,360ml,360,800円,800,https://www.beerkeyaki.jp/beer/archives/731/
16,反射炉ビヤ,東海,https://www.beerkeyaki.jp/shop/archives/80/,beer,早雲,,,Lサイズ,600ml,600,"1,300円",1300,https://www.beerkeyaki.jp/beer/archives/731/
16,反射炉ビヤ,東海,https://www.beerkeyaki.jp/shop/archives/80/,beer,早雲,,,リユースグラス,275ml,275,700円,700,https://www.beerkeyaki.jp/beer/archives/731/
16,反射炉ビヤ,東海,https://www.beerkeyaki.jp/shop/archives/80/,beer,Poseidon's Brew,,,Sサイズ,210ml,210,500円,500,https://www.beerkeyaki.jp/beer/archives/960/
16,反射炉ビヤ,東海,https://www.beerkeyaki.jp/shop/archives/80/,beer,Poseidon's Brew,,,Mサイズ,360ml,360,800円,800,https://www.beerkeyaki.jp/beer/archives/960/
16,反射炉ビヤ,東海,https://www.beerkeyaki.jp/shop/archives/80/,beer,Poseidon's Brew,,,Lサイズ,600ml,600,"1,300円",1300,https://www.beerkeyaki.jp/beer/archives/960/
16,反射炉ビヤ,東海,https://www.beerkeyaki.jp/shop/archives/80/,beer,Poseidon's Brew,,,リユースグラス,275ml,275,700円,700,https://www.beerkeyaki.jp/beer/archives/960/
16,反射炉ビヤ,東海,https://www.beerkeyaki.jp/shop/archives/80/,beer,Cream Horizon,,,Sサイズ,210ml,210,500円,500,https://www.beerkeyaki.jp/beer/archives/961/
16,反射炉ビヤ,東海,https://www.beerkeyaki.jp/shop/archives/80/,beer,Cream Horizon,,,Mサイズ,360ml,360,800円,800,https://www.beerkeyaki.jp/beer/archives/961/
16,反射炉ビヤ,東海,https://www.beerkeyaki.jp/shop/archives/80/,beer,Cream Horizon,,,Lサイズ,600ml,600,"1,300円",1300,https://www.beerkeyaki.jp/beer/archives/961/
16,反射炉ビヤ,東海,https://www.beerkeyaki.jp/shop/archives/80/,beer,Cream Horizon,,,リユースグラス,275ml,275,700円,700,https://www.beerkeyaki.jp/beer/archives/961/
16,反射炉ビヤ,東海,https://www.beerkeyaki.jp/shop/archives/80/,beer,太郎左衛門,,,Sサイズ,210ml,210,500円,500,https://www.beerkeyaki.jp/beer/archives/265/
16,反射炉ビヤ,東海,https://www.beerkeyaki.jp/shop/archives/80/,beer,太郎左衛門,,,Mサイズ,360ml,360,800円,800,https://www.beerkeyaki.jp/beer/archives/265/
16,反射炉ビヤ,東海,https://www.beerkeyaki.jp/shop/archives/80/,beer,太郎左衛門,,,Lサイズ,600ml,600,"1,300円",1300,https://www.beerkeyaki.jp/beer/archives/265/
16,反射炉ビヤ,東海,https://www.beerkeyaki.jp/shop/archives/80/,beer,太郎左衛門,,,リユースグラス,275ml,275,700円,700,https://www.beerkeyaki.jp/beer/archives/265/
16,反射炉ビヤ,東海,https://www.beerkeyaki.jp/shop/archives/80/,beer,頼朝,,,Sサイズ,210ml,210,500円,500,https://www.beerkeyaki.jp/beer/archives/893/
16,反射炉ビヤ,東海,https://www.beerkeyaki.jp/shop/archives/80/,beer,頼朝,,,Mサイズ,360ml,360,800円,800,https://www.beerkeyaki.jp/beer/archives/893/
16,反射炉ビヤ,東海,https://www.beerkeyaki.jp/shop/archives/80/,beer,頼朝,,,Lサイズ,600ml,600,"1,300円",1300,https://www.beerkeyaki.jp/beer/archives/893/
16,反射炉ビヤ,東海,https://www.beerkeyaki.jp/shop/archives/80/,beer,頼朝,,,リユースグラス,275ml,275,700円,700,https://www.beerkeyaki.jp/beer/archives/893/
16,反射炉ビヤ,東海,https://www.beerkeyaki.jp/shop/archives/80/,beer,ピーチホワイトIPA～夢みずきVer.～,限定,,Sサイズ,210ml,210,500円,500,https://www.beerkeyaki.jp/beer/archives/732/
16,反射炉ビヤ,東海,https://www.beerkeyaki.jp/shop/archives/80/,beer,ピーチホワイトIPA～夢みずきVer.～,限定,,Mサイズ,360ml,360,800円,800,https://www.beerkeyaki.jp/beer/archives/732/
16,反射炉ビヤ,東海,https://www.beerkeyaki.jp/shop/archives/80/,beer,ピーチホワイトIPA～夢みずきVer.～,限定,,Lサイズ,600ml,600,"1,300円",1300,https://www.beerkeyaki.jp/beer/archives/732/
16,反射炉ビヤ,東海,https://www.beerkeyaki.jp/shop/archives/80/,beer,ピーチホワイトIPA～夢みずきVer.～,限定,,リユースグラス,275ml,275,700円,700,https://www.beerkeyaki.jp/beer/archives/732/
16,反射炉ビヤ,東海,https://www.beerkeyaki.jp/shop/archives/80/,beer,Yellow Peach Juice,,,Sサイズ,210ml,210,500円,500,https://www.beerkeyaki.jp/beer/archives/962/
16,反射炉ビヤ,東海,https://www.beerkeyaki.jp/shop/archives/80/,beer,Yellow Peach Juice,,,Mサイズ,360ml,360,800円,800,https://www.beerkeyaki.jp/beer/archives/962/
16,反射炉ビヤ,東海,https://www.beerkeyaki.jp/shop/archives/80/,beer,Yellow Peach Juice,,,Lサイズ,600ml,600,"1,300円",1300,https://www.beerkeyaki.jp/beer/archives/962/
16,反射炉ビヤ,東海,https://www.beerkeyaki.jp/shop/archives/80/,beer,Yellow Peach Juice,,,リユースグラス,275ml,275,700円,700,https://www.beerkeyaki.jp/beer/archives/962/
17,オラホビール,北陸・甲信越,https://www.beerkeyaki.jp/shop/archives/75/,set,4種飲み比べセット,,オラホスタッフおすすめのお得な飲み比べセット,,,,"1,400円",1400,
17,オラホビール,北陸・甲信越,https://www.beerkeyaki.jp/shop/archives/75/,beer,ビエール・ド・雷電季節仕込みビール　秋仕込みIPA,おすすめ / 限定,,ハーフ,200ml,200,400円,400,https://www.beerkeyaki.jp/beer/archives/474/
17,オラホビール,北陸・甲信越,https://www.beerkeyaki.jp/shop/archives/75/,beer,ビエール・ド・雷電季節仕込みビール　秋仕込みIPA,おすすめ / 限定,,ラージ,400ml,400,800円,800,https://www.beerkeyaki.jp/beer/archives/474/
17,オラホビール,北陸・甲信越,https://www.beerkeyaki.jp/shop/archives/75/,beer,ビエール・ド・雷電季節仕込みビール　秋仕込みIPA,おすすめ / 限定,,リユースグラス,275ml,275,400円,400,https://www.beerkeyaki.jp/beer/archives/474/
17,オラホビール,北陸・甲信越,https://www.beerkeyaki.jp/shop/archives/75/,beer,キャプテンクロウクレイジーヘイジージョー,限定,,ハーフサイズ,200ml,200,400円,400,https://www.beerkeyaki.jp/beer/archives/296/
17,オラホビール,北陸・甲信越,https://www.beerkeyaki.jp/shop/archives/75/,beer,キャプテンクロウクレイジーヘイジージョー,限定,,ラージサイズ,400ml,400,800円,800,https://www.beerkeyaki.jp/beer/archives/296/
17,オラホビール,北陸・甲信越,https://www.beerkeyaki.jp/shop/archives/75/,beer,キャプテンクロウクレイジーヘイジージョー,限定,,リユースグラス,275ml,275,400円,400,https://www.beerkeyaki.jp/beer/archives/296/
17,オラホビール,北陸・甲信越,https://www.beerkeyaki.jp/shop/archives/75/,beer,ビエール・ド・雷電季節仕込みビール　夏仕込みヴァイツェン,限定,,ハーフサイズ,200ml,200,400円,400,https://www.beerkeyaki.jp/beer/archives/297/
17,オラホビール,北陸・甲信越,https://www.beerkeyaki.jp/shop/archives/75/,beer,ビエール・ド・雷電季節仕込みビール　夏仕込みヴァイツェン,限定,,ラージサイズ,400ml,400,800円,800,https://www.beerkeyaki.jp/beer/archives/297/
17,オラホビール,北陸・甲信越,https://www.beerkeyaki.jp/shop/archives/75/,beer,ビエール・ド・雷電季節仕込みビール　夏仕込みヴァイツェン,限定,,リユースグラス,275ml,275,400円,400,https://www.beerkeyaki.jp/beer/archives/297/
17,オラホビール,北陸・甲信越,https://www.beerkeyaki.jp/shop/archives/75/,beer,シークレットビール,限定,,,,,,,https://www.beerkeyaki.jp/beer/archives/300/
18,遠野麦酒ZUMONA,東北,https://www.beerkeyaki.jp/shop/archives/45/,set,5種類飲み比べ贅沢セット,,"遠野産ホップ""IBUKI""を堪能できる５種セットです。",,,,"1,500円",1500,
18,遠野麦酒ZUMONA,東北,https://www.beerkeyaki.jp/shop/archives/45/,beer,IBUKI HOP IPA for KEYAKI,おすすめ / 限定,,Mサイズ,360ml,360,800円,800,https://www.beerkeyaki.jp/beer/archives/592/
18,遠野麦酒ZUMONA,東北,https://www.beerkeyaki.jp/shop/archives/45/,beer,IBUKI HOP IPA for KEYAKI,おすすめ / 限定,,Lサイズ,500ml,500,"1,000円",1000,https://www.beerkeyaki.jp/beer/archives/592/
18,遠野麦酒ZUMONA,東北,https://www.beerkeyaki.jp/shop/archives/45/,beer,IBUKI HOP IPA for KEYAKI,おすすめ / 限定,,リユース,275ml,275,700円,700,https://www.beerkeyaki.jp/beer/archives/592/
18,遠野麦酒ZUMONA,東北,https://www.beerkeyaki.jp/shop/archives/45/,beer,HOP HARVEST IPL,限定,,Mサイズ,360ml,360,800円,800,https://www.beerkeyaki.jp/beer/archives/1070/
18,遠野麦酒ZUMONA,東北,https://www.beerkeyaki.jp/shop/archives/45/,beer,HOP HARVEST IPL,限定,,Lサイズ,500ml,500,"1,000円",1000,https://www.beerkeyaki.jp/beer/archives/1070/
18,遠野麦酒ZUMONA,東北,https://www.beerkeyaki.jp/shop/archives/45/,beer,HOP HARVEST IPL,限定,,リユースグラス,275ml,275,700円,700,https://www.beerkeyaki.jp/beer/archives/1070/
18,遠野麦酒ZUMONA,東北,https://www.beerkeyaki.jp/shop/archives/45/,beer,TONO HOPS LAGER（遠野ポップスラガー）,限定,,Mサイズ,360ml,360,800円,800,https://www.beerkeyaki.jp/beer/archives/591/
18,遠野麦酒ZUMONA,東北,https://www.beerkeyaki.jp/shop/archives/45/,beer,TONO HOPS LAGER（遠野ポップスラガー）,限定,,Lサイズ,500ml,500,"1,000円",1000,https://www.beerkeyaki.jp/beer/archives/591/
18,遠野麦酒ZUMONA,東北,https://www.beerkeyaki.jp/shop/archives/45/,beer,TONO HOPS LAGER（遠野ポップスラガー）,限定,,リユース,275ml,275,700円,700,https://www.beerkeyaki.jp/beer/archives/591/
18,遠野麦酒ZUMONA,東北,https://www.beerkeyaki.jp/shop/archives/45/,beer,遠い秋　HAZY LAGER,限定,,Mサイズ,360ml,360,800円,800,https://www.beerkeyaki.jp/beer/archives/1071/
18,遠野麦酒ZUMONA,東北,https://www.beerkeyaki.jp/shop/archives/45/,beer,遠い秋　HAZY LAGER,限定,,Lサイズ,500ml,500,"1,000円",1000,https://www.beerkeyaki.jp/beer/archives/1071/
18,遠野麦酒ZUMONA,東北,https://www.beerkeyaki.jp/shop/archives/45/,beer,遠い秋　HAZY LAGER,限定,,リユースグラス,275ml,275,700円,700,https://www.beerkeyaki.jp/beer/archives/1071/
18,遠野麦酒ZUMONA,東北,https://www.beerkeyaki.jp/shop/archives/45/,beer,遠野のホップ農家から,限定,,Mサイズ,360ml,360,800円,800,https://www.beerkeyaki.jp/beer/archives/123/
18,遠野麦酒ZUMONA,東北,https://www.beerkeyaki.jp/shop/archives/45/,beer,遠野のホップ農家から,限定,,Lサイズ,500ml,500,"1,000円",1000,https://www.beerkeyaki.jp/beer/archives/123/
18,遠野麦酒ZUMONA,東北,https://www.beerkeyaki.jp/shop/archives/45/,beer,遠野のホップ農家から,限定,,リユースグラス,275ml,275,700円,700,https://www.beerkeyaki.jp/beer/archives/123/
18,遠野麦酒ZUMONA,東北,https://www.beerkeyaki.jp/shop/archives/45/,beer,ゴールデンピルスナー,,,Mサイズ,360ml,360,800円,800,https://www.beerkeyaki.jp/beer/archives/593/
18,遠野麦酒ZUMONA,東北,https://www.beerkeyaki.jp/shop/archives/45/,beer,ゴールデンピルスナー,,,Lサイズ,540ml,540,"1,000円",1000,https://www.beerkeyaki.jp/beer/archives/593/
18,遠野麦酒ZUMONA,東北,https://www.beerkeyaki.jp/shop/archives/45/,beer,ゴールデンピルスナー,,,リユース,275ml,275,700円,700,https://www.beerkeyaki.jp/beer/archives/593/
19,宮崎ひでじビール,九州・沖縄,https://www.beerkeyaki.jp/shop/archives/93/,set,お楽しみ4種 飲み比べ,,"スモールカップで提供されているビールの中からお好きなビール4種類選べます。【※栗黒は対象外です。お時間帯によっては4液種が固定される場合があります。】
価格は2,000円〜です",,,,"2,000円",2000,
19,宮崎ひでじビール,九州・沖縄,https://www.beerkeyaki.jp/shop/archives/93/,beer,日南レモン 生搾り　Session Hazy IPA,おすすめ / 限定,,レギュラーカップ,350ml,350,800円,800,https://www.beerkeyaki.jp/beer/archives/1024/
19,宮崎ひでじビール,九州・沖縄,https://www.beerkeyaki.jp/shop/archives/93/,beer,日南レモン 生搾り　Session Hazy IPA,おすすめ / 限定,,スモールカップ,250ml,250,600円,600,https://www.beerkeyaki.jp/beer/archives/1024/
19,宮崎ひでじビール,九州・沖縄,https://www.beerkeyaki.jp/shop/archives/93/,beer,日南レモン 生搾り　Session Hazy IPA,おすすめ / 限定,,リユースグラス,275ml,275,700円,700,https://www.beerkeyaki.jp/beer/archives/1024/
19,宮崎ひでじビール,九州・沖縄,https://www.beerkeyaki.jp/shop/archives/93/,beer,太陽のラガー　【ワールド・ビア・カップ2023　受賞】,,,レギュラーカップ,350ml,350,800円,800,https://www.beerkeyaki.jp/beer/archives/424/
19,宮崎ひでじビール,九州・沖縄,https://www.beerkeyaki.jp/shop/archives/93/,beer,太陽のラガー　【ワールド・ビア・カップ2023　受賞】,,,スモールカップ,250ml,250,600円,600,https://www.beerkeyaki.jp/beer/archives/424/
19,宮崎ひでじビール,九州・沖縄,https://www.beerkeyaki.jp/shop/archives/93/,beer,太陽のラガー　【ワールド・ビア・カップ2023　受賞】,,,リユースグラス,275ml,275,700円,700,https://www.beerkeyaki.jp/beer/archives/424/
19,宮崎ひでじビール,九州・沖縄,https://www.beerkeyaki.jp/shop/archives/93/,beer,九州CRAFT日向夏　（フルーツラガー）,,,,,,,,https://www.beerkeyaki.jp/beer/archives/425/
19,宮崎ひでじビール,九州・沖縄,https://www.beerkeyaki.jp/shop/archives/93/,beer,栗黒　（KURI KURO)　インペリアルスタウト,,,スモールカップ,250ml,250,800円,800,https://www.beerkeyaki.jp/beer/archives/426/
19,宮崎ひでじビール,九州・沖縄,https://www.beerkeyaki.jp/shop/archives/93/,beer,栗黒　（KURI KURO)　インペリアルスタウト,,,リユースグラス,,,700円,700,https://www.beerkeyaki.jp/beer/archives/426/
19,宮崎ひでじビール,九州・沖縄,https://www.beerkeyaki.jp/shop/archives/93/,beer,琥珀の幸福　（アンバーラガー）,限定,,レギュラーカップ,350ml,350,800円,800,https://www.beerkeyaki.jp/beer/archives/428/
19,宮崎ひでじビール,九州・沖縄,https://www.beerkeyaki.jp/shop/archives/93/,beer,琥珀の幸福　（アンバーラガー）,限定,,スモールカップ,250ml,250,600円,600,https://www.beerkeyaki.jp/beer/archives/428/
19,宮崎ひでじビール,九州・沖縄,https://www.beerkeyaki.jp/shop/archives/93/,beer,琥珀の幸福　（アンバーラガー）,限定,,リユースグラス,275ml,275,700円,700,https://www.beerkeyaki.jp/beer/archives/428/
19,宮崎ひでじビール,九州・沖縄,https://www.beerkeyaki.jp/shop/archives/93/,beer,きんかんヴァイツェン　（フルーツ ヴァイツェン）,限定,,レギュラーカップ,350ml,350,800円,800,https://www.beerkeyaki.jp/beer/archives/429/
19,宮崎ひでじビール,九州・沖縄,https://www.beerkeyaki.jp/shop/archives/93/,beer,きんかんヴァイツェン　（フルーツ ヴァイツェン）,限定,,スモールカップ,250ml,250,600円,600,https://www.beerkeyaki.jp/beer/archives/429/
19,宮崎ひでじビール,九州・沖縄,https://www.beerkeyaki.jp/shop/archives/93/,beer,きんかんヴァイツェン　（フルーツ ヴァイツェン）,限定,,リユースグラス,275ml,275,700円,700,https://www.beerkeyaki.jp/beer/archives/429/
19,宮崎ひでじビール,九州・沖縄,https://www.beerkeyaki.jp/shop/archives/93/,beer,九州CRAFT　かぽす　（フルーツエール）,,,スモールカップ,250ml,250,600円,600,https://www.beerkeyaki.jp/beer/archives/427/
19,宮崎ひでじビール,九州・沖縄,https://www.beerkeyaki.jp/shop/archives/93/,beer,九州CRAFT　かぽす　（フルーツエール）,,,レギュラーカップ,350ml,350,800円,800,https://www.beerkeyaki.jp/beer/archives/427/
19,宮崎ひでじビール,九州・沖縄,https://www.beerkeyaki.jp/shop/archives/93/,beer,九州CRAFT　かぽす　（フルーツエール）,,,リユースグラス,275ml,275,700円,700,https://www.beerkeyaki.jp/beer/archives/427/
19,宮崎ひでじビール,九州・沖縄,https://www.beerkeyaki.jp/shop/archives/93/,beer,日向月夜　（Citrus　Dark　Lager）,限定,,スモールカップ,250ml,250,600円,600,https://www.beerkeyaki.jp/beer/archives/1060/
19,宮崎ひでじビール,九州・沖縄,https://www.beerkeyaki.jp/shop/archives/93/,beer,日向月夜　（Citrus　Dark　Lager）,限定,,レギュラーカップ,350ml,350,800円,800,https://www.beerkeyaki.jp/beer/archives/1060/
19,宮崎ひでじビール,九州・沖縄,https://www.beerkeyaki.jp/shop/archives/93/,beer,日向月夜　（Citrus　Dark　Lager）,限定,,リユースグラス,275ml,275,700円,700,https://www.beerkeyaki.jp/beer/archives/1060/
20,南信州ビール,北陸・甲信越,https://www.beerkeyaki.jp/shop/archives/79/,set,選べる！4種飲み比べセット,,お好きなビールを４種選べます！(常時８種類提供予定）,,,,"1,700円",1700,
20,南信州ビール,北陸・甲信越,https://www.beerkeyaki.jp/shop/archives/79/,beer,アップルホップ,おすすめ,,レギュラー,360ml,360,800円,800,https://www.beerkeyaki.jp/beer/archives/313/
20,南信州ビール,北陸・甲信越,https://www.beerkeyaki.jp/shop/archives/79/,beer,アップルホップ,おすすめ,,ラージ,500ml,500,"1,000円",1000,https://www.beerkeyaki.jp/beer/archives/313/
20,南信州ビール,北陸・甲信越,https://www.beerkeyaki.jp/shop/archives/79/,beer,アップルホップ,おすすめ,,MEGA,"1,000ml",1000,"1,600円",1600,https://www.beerkeyaki.jp/beer/archives/313/
20,南信州ビール,北陸・甲信越,https://www.beerkeyaki.jp/shop/archives/79/,beer,アップルホップ,おすすめ,,リユースグラス,275ml,275,400円,400,https://www.beerkeyaki.jp/beer/archives/313/
20,南信州ビール,北陸・甲信越,https://www.beerkeyaki.jp/shop/archives/79/,beer,ヤマソーホップ,,,レギュラー,360ml,360,800円,800,https://www.beerkeyaki.jp/beer/archives/314/
20,南信州ビール,北陸・甲信越,https://www.beerkeyaki.jp/shop/archives/79/,beer,ヤマソーホップ,,,ラージ,500ml,500,"1,000円",1000,https://www.beerkeyaki.jp/beer/archives/314/
20,南信州ビール,北陸・甲信越,https://www.beerkeyaki.jp/shop/archives/79/,beer,ヤマソーホップ,,,MEGA,"1,000ml",1000,"1,600円",1600,https://www.beerkeyaki.jp/beer/archives/314/
20,南信州ビール,北陸・甲信越,https://www.beerkeyaki.jp/shop/archives/79/,beer,ヤマソーホップ,,,リユースグラス,275ml,275,400円,400,https://www.beerkeyaki.jp/beer/archives/314/
20,南信州ビール,北陸・甲信越,https://www.beerkeyaki.jp/shop/archives/79/,beer,アルプスヴァイツエン【季節限定】,,,レギュラー,360ml,360,800円,800,https://www.beerkeyaki.jp/beer/archives/987/
20,南信州ビール,北陸・甲信越,https://www.beerkeyaki.jp/shop/archives/79/,beer,アルプスヴァイツエン【季節限定】,,,ラージ,500ml,500,"1,000円",1000,https://www.beerkeyaki.jp/beer/archives/987/
20,南信州ビール,北陸・甲信越,https://www.beerkeyaki.jp/shop/archives/79/,beer,アルプスヴァイツエン【季節限定】,,,MEGA,"1,000ml",1000,"1,600円",1600,https://www.beerkeyaki.jp/beer/archives/987/
20,南信州ビール,北陸・甲信越,https://www.beerkeyaki.jp/shop/archives/79/,beer,アルプスヴァイツエン【季節限定】,,,リユースグラス,275ml,275,400円,400,https://www.beerkeyaki.jp/beer/archives/987/
20,南信州ビール,北陸・甲信越,https://www.beerkeyaki.jp/shop/archives/79/,beer,オクト―バーフェスト【季節限定】,,,レギュラー,360ml,360,800円,800,https://www.beerkeyaki.jp/beer/archives/633/
20,南信州ビール,北陸・甲信越,https://www.beerkeyaki.jp/shop/archives/79/,beer,オクト―バーフェスト【季節限定】,,,ラージ,500ml,500,"1,000円",1000,https://www.beerkeyaki.jp/beer/archives/633/
20,南信州ビール,北陸・甲信越,https://www.beerkeyaki.jp/shop/archives/79/,beer,オクト―バーフェスト【季節限定】,,,MEGA,"1,000ml",1000,"1,600円",1600,https://www.beerkeyaki.jp/beer/archives/633/
20,南信州ビール,北陸・甲信越,https://www.beerkeyaki.jp/shop/archives/79/,beer,オクト―バーフェスト【季節限定】,,,リユースグラス,275ml,275,400円,400,https://www.beerkeyaki.jp/beer/archives/633/
20,南信州ビール,北陸・甲信越,https://www.beerkeyaki.jp/shop/archives/79/,beer,シークレットビール”限定ビール・定番ビールｅｔｃ.当日のお楽しみ”,,,レギュラー,360ml,360,800円,800,https://www.beerkeyaki.jp/beer/archives/315/
20,南信州ビール,北陸・甲信越,https://www.beerkeyaki.jp/shop/archives/79/,beer,シークレットビール”限定ビール・定番ビールｅｔｃ.当日のお楽しみ”,,,ラージ,500ml,500,"1,000円",1000,https://www.beerkeyaki.jp/beer/archives/315/
20,南信州ビール,北陸・甲信越,https://www.beerkeyaki.jp/shop/archives/79/,beer,シークレットビール”限定ビール・定番ビールｅｔｃ.当日のお楽しみ”,,,MEGA,"1,000ml",1000,"1,600円",1600,https://www.beerkeyaki.jp/beer/archives/315/
20,南信州ビール,北陸・甲信越,https://www.beerkeyaki.jp/shop/archives/79/,beer,シークレットビール”限定ビール・定番ビールｅｔｃ.当日のお楽しみ”,,,リユースグラス,275ml,275,400円,400,https://www.beerkeyaki.jp/beer/archives/315/
21,サンクトガーレン,関東,https://www.beerkeyaki.jp/shop/archives/60/,set,4種選べるのみ比べセット,,8種類のビールからお好きな4種を選んで飲み比べ,,,,"1,500円",1500,
21,サンクトガーレン,関東,https://www.beerkeyaki.jp/shop/archives/60/,beer,湘南ゴールド,おすすめ,,Mサイズ,420ml,420,800円,800,https://www.beerkeyaki.jp/beer/archives/245/
21,サンクトガーレン,関東,https://www.beerkeyaki.jp/shop/archives/60/,beer,湘南ゴールド,おすすめ,,Lサイズ,530ml,530,"1,000円",1000,https://www.beerkeyaki.jp/beer/archives/245/
21,サンクトガーレン,関東,https://www.beerkeyaki.jp/shop/archives/60/,beer,湘南ゴールド,おすすめ,,リユースグラス,275ml,275,700円,700,https://www.beerkeyaki.jp/beer/archives/245/
21,サンクトガーレン,関東,https://www.beerkeyaki.jp/shop/archives/60/,beer,和梨のヴァイツェン,,,Mサイズ,400ml,400,800円,800,https://www.beerkeyaki.jp/beer/archives/518/
21,サンクトガーレン,関東,https://www.beerkeyaki.jp/shop/archives/60/,beer,和梨のヴァイツェン,,,Lサイズ,530ml,530,"1,000円",1000,https://www.beerkeyaki.jp/beer/archives/518/
21,サンクトガーレン,関東,https://www.beerkeyaki.jp/shop/archives/60/,beer,和梨のヴァイツェン,,,リユースグラス,275ml,275,700円,700,https://www.beerkeyaki.jp/beer/archives/518/
21,サンクトガーレン,関東,https://www.beerkeyaki.jp/shop/archives/60/,beer,7種の桃のエール,,,Mサイズ,400ml,400,800円,800,https://www.beerkeyaki.jp/beer/archives/958/
21,サンクトガーレン,関東,https://www.beerkeyaki.jp/shop/archives/60/,beer,7種の桃のエール,,,Lサイズ,530ml,530,"1,000円",1000,https://www.beerkeyaki.jp/beer/archives/958/
21,サンクトガーレン,関東,https://www.beerkeyaki.jp/shop/archives/60/,beer,7種の桃のエール,,,リユースグラス,275ml,275,700円,700,https://www.beerkeyaki.jp/beer/archives/958/
21,サンクトガーレン,関東,https://www.beerkeyaki.jp/shop/archives/60/,beer,Fresh Hop IPA,おすすめ,,Mサイズ,420ml,420,800円,800,https://www.beerkeyaki.jp/beer/archives/517/
21,サンクトガーレン,関東,https://www.beerkeyaki.jp/shop/archives/60/,beer,Fresh Hop IPA,おすすめ,,Lサイズ,530ml,530,"1,000円",1000,https://www.beerkeyaki.jp/beer/archives/517/
21,サンクトガーレン,関東,https://www.beerkeyaki.jp/shop/archives/60/,beer,Fresh Hop IPA,おすすめ,,リユースグラス,275ml,275,700円,700,https://www.beerkeyaki.jp/beer/archives/517/
21,サンクトガーレン,関東,https://www.beerkeyaki.jp/shop/archives/60/,beer,パイナップルエール,,,Mサイズ,400ml,400,800円,800,https://www.beerkeyaki.jp/beer/archives/246/
21,サンクトガーレン,関東,https://www.beerkeyaki.jp/shop/archives/60/,beer,パイナップルエール,,,Lサイズ,530ml,530,"1,000円",1000,https://www.beerkeyaki.jp/beer/archives/246/
21,サンクトガーレン,関東,https://www.beerkeyaki.jp/shop/archives/60/,beer,パイナップルエール,,,リユースグラス,275ml,275,700円,700,https://www.beerkeyaki.jp/beer/archives/246/
21,サンクトガーレン,関東,https://www.beerkeyaki.jp/shop/archives/60/,beer,YOKOHAMA XPA,,,Mサイズ,400ml,400,800円,800,https://www.beerkeyaki.jp/beer/archives/247/
21,サンクトガーレン,関東,https://www.beerkeyaki.jp/shop/archives/60/,beer,YOKOHAMA XPA,,,Lサイズ,530ml,530,"1,000円",1000,https://www.beerkeyaki.jp/beer/archives/247/
21,サンクトガーレン,関東,https://www.beerkeyaki.jp/shop/archives/60/,beer,YOKOHAMA XPA,,,リユースグラス,275ml,275,700円,700,https://www.beerkeyaki.jp/beer/archives/247/
21,サンクトガーレン,関東,https://www.beerkeyaki.jp/shop/archives/60/,beer,ゴールデンエール,,,Mサイズ,400ml,400,800円,800,https://www.beerkeyaki.jp/beer/archives/248/
21,サンクトガーレン,関東,https://www.beerkeyaki.jp/shop/archives/60/,beer,ゴールデンエール,,,Lサイズ,530ml,530,"1,000円",1000,https://www.beerkeyaki.jp/beer/archives/248/
21,サンクトガーレン,関東,https://www.beerkeyaki.jp/shop/archives/60/,beer,ゴールデンエール,,,リユースグラス,275ml,275,700円,700,https://www.beerkeyaki.jp/beer/archives/248/
21,サンクトガーレン,関東,https://www.beerkeyaki.jp/shop/archives/60/,beer,アップルシナモンエール,,,Mサイズ,400ml,400,800円,800,https://www.beerkeyaki.jp/beer/archives/519/
21,サンクトガーレン,関東,https://www.beerkeyaki.jp/shop/archives/60/,beer,アップルシナモンエール,,,Lサイズ,530ml,530,"1,000円",1000,https://www.beerkeyaki.jp/beer/archives/519/
21,サンクトガーレン,関東,https://www.beerkeyaki.jp/shop/archives/60/,beer,アップルシナモンエール,,,リユースグラス,275ml,275,700円,700,https://www.beerkeyaki.jp/beer/archives/519/
22,hokkaido brewing,北海道,https://www.beerkeyaki.jp/shop/archives/49/,set,選べる4種飲み比べセット,,7種類ビールの中からお好きな4種類の飲み比べセットです（200ml×4種類）,,,,"1,600円",1600,
22,hokkaido brewing,北海道,https://www.beerkeyaki.jp/shop/archives/49/,beer,【けやき限定】ビンテージエール2008,おすすめ / 限定,,小カップ,200ml,200,"1,000円",1000,https://www.beerkeyaki.jp/beer/archives/101/
22,hokkaido brewing,北海道,https://www.beerkeyaki.jp/shop/archives/49/,beer,【けやき限定】ビンテージエール2008,おすすめ / 限定,,中カップ,400ml,400,"1,900円",1900,https://www.beerkeyaki.jp/beer/archives/101/
22,hokkaido brewing,北海道,https://www.beerkeyaki.jp/shop/archives/49/,beer,【けやき限定】ビンテージエール2008,おすすめ / 限定,,リユース,275ml,275,"1,400円",1400,https://www.beerkeyaki.jp/beer/archives/101/
22,hokkaido brewing,北海道,https://www.beerkeyaki.jp/shop/archives/49/,beer,ゆうばりメロンエール,おすすめ,,小カップ,200ml,200,450円,450,https://www.beerkeyaki.jp/beer/archives/82/
22,hokkaido brewing,北海道,https://www.beerkeyaki.jp/shop/archives/49/,beer,ゆうばりメロンエール,おすすめ,,中カップ,400ml,400,800円,800,https://www.beerkeyaki.jp/beer/archives/82/
22,hokkaido brewing,北海道,https://www.beerkeyaki.jp/shop/archives/49/,beer,ゆうばりメロンエール,おすすめ,,大カップ,600ml,600,"1,200円",1200,https://www.beerkeyaki.jp/beer/archives/82/
22,hokkaido brewing,北海道,https://www.beerkeyaki.jp/shop/archives/49/,beer,ゆうばりメロンエール,おすすめ,,リユースグラス,275ml,275,,,https://www.beerkeyaki.jp/beer/archives/82/
22,hokkaido brewing,北海道,https://www.beerkeyaki.jp/shop/archives/49/,beer,小樽ラガー,,,小カップ,200ml,200,450円,450,https://www.beerkeyaki.jp/beer/archives/96/
22,hokkaido brewing,北海道,https://www.beerkeyaki.jp/shop/archives/49/,beer,小樽ラガー,,,中カップ,400ml,400,800円,800,https://www.beerkeyaki.jp/beer/archives/96/
22,hokkaido brewing,北海道,https://www.beerkeyaki.jp/shop/archives/49/,beer,小樽ラガー,,,大カップ,600ml,600,"1,200円",1200,https://www.beerkeyaki.jp/beer/archives/96/
22,hokkaido brewing,北海道,https://www.beerkeyaki.jp/shop/archives/49/,beer,小樽ラガー,,,リユースグラス,275ml,275,600円,600,https://www.beerkeyaki.jp/beer/archives/96/
22,hokkaido brewing,北海道,https://www.beerkeyaki.jp/shop/archives/49/,beer,ナイアガラエール,,,小カップ,200ml,200,450円,450,https://www.beerkeyaki.jp/beer/archives/97/
22,hokkaido brewing,北海道,https://www.beerkeyaki.jp/shop/archives/49/,beer,ナイアガラエール,,,中カップ,400ml,400,800円,800,https://www.beerkeyaki.jp/beer/archives/97/
22,hokkaido brewing,北海道,https://www.beerkeyaki.jp/shop/archives/49/,beer,ナイアガラエール,,,大カップ,600ml,600,"1,200円",1200,https://www.beerkeyaki.jp/beer/archives/97/
22,hokkaido brewing,北海道,https://www.beerkeyaki.jp/shop/archives/49/,beer,ナイアガラエール,,,リユースグラス,275ml,275,600円,600,https://www.beerkeyaki.jp/beer/archives/97/
22,hokkaido brewing,北海道,https://www.beerkeyaki.jp/shop/archives/49/,beer,ゴールデンパインエール,,,小カップ,200ml,200,450円,450,https://www.beerkeyaki.jp/beer/archives/1044/
22,hokkaido brewing,北海道,https://www.beerkeyaki.jp/shop/archives/49/,beer,ゴールデンパインエール,,,中カップ,400ml,400,800円,800,https://www.beerkeyaki.jp/beer/archives/1044/
22,hokkaido brewing,北海道,https://www.beerkeyaki.jp/shop/archives/49/,beer,ゴールデンパインエール,,,大カップ,600ml,600,"1,200円",1200,https://www.beerkeyaki.jp/beer/archives/1044/
22,hokkaido brewing,北海道,https://www.beerkeyaki.jp/shop/archives/49/,beer,ゴールデンパインエール,,,リユースグラス,275ml,275,600円,600,https://www.beerkeyaki.jp/beer/archives/1044/
22,hokkaido brewing,北海道,https://www.beerkeyaki.jp/shop/archives/49/,beer,ゴールドIPA,,,小カップ,200ml,200,450円,450,https://www.beerkeyaki.jp/beer/archives/99/
22,hokkaido brewing,北海道,https://www.beerkeyaki.jp/shop/archives/49/,beer,ゴールドIPA,,,中カップ,400ml,400,800円,800,https://www.beerkeyaki.jp/beer/archives/99/
22,hokkaido brewing,北海道,https://www.beerkeyaki.jp/shop/archives/49/,beer,ゴールドIPA,,,大カップ,600ml,600,"1,200円",1200,https://www.beerkeyaki.jp/beer/archives/99/
22,hokkaido brewing,北海道,https://www.beerkeyaki.jp/shop/archives/49/,beer,ゴールドIPA,,,リユースグラス,275ml,275,600円,600,https://www.beerkeyaki.jp/beer/archives/99/
22,hokkaido brewing,北海道,https://www.beerkeyaki.jp/shop/archives/49/,beer,小樽ブルー,,,小カップ,200ml,200,450円,450,https://www.beerkeyaki.jp/beer/archives/100/
22,hokkaido brewing,北海道,https://www.beerkeyaki.jp/shop/archives/49/,beer,小樽ブルー,,,中カップ,400ml,400,800円,800,https://www.beerkeyaki.jp/beer/archives/100/
22,hokkaido brewing,北海道,https://www.beerkeyaki.jp/shop/archives/49/,beer,小樽ブルー,,,大カップ,600ml,600,"1,200円",1200,https://www.beerkeyaki.jp/beer/archives/100/
22,hokkaido brewing,北海道,https://www.beerkeyaki.jp/shop/archives/49/,beer,小樽ブルー,,,リユースグラス,275ml,275,600円,600,https://www.beerkeyaki.jp/beer/archives/100/
22,hokkaido brewing,北海道,https://www.beerkeyaki.jp/shop/archives/49/,beer,ストロベリーエール,,,小カップ,200ml,200,450円,450,https://www.beerkeyaki.jp/beer/archives/575/
22,hokkaido brewing,北海道,https://www.beerkeyaki.jp/shop/archives/49/,beer,ストロベリーエール,,,中カップ,400ml,400,800円,800,https://www.beerkeyaki.jp/beer/archives/575/
22,hokkaido brewing,北海道,https://www.beerkeyaki.jp/shop/archives/49/,beer,ストロベリーエール,,,大カップ,600ml,600,"1,200円",1200,https://www.beerkeyaki.jp/beer/archives/575/
22,hokkaido brewing,北海道,https://www.beerkeyaki.jp/shop/archives/49/,beer,ストロベリーエール,,,リユースグラス,275ml,275,6円,6,https://www.beerkeyaki.jp/beer/archives/575/
23,松江ビアへるん＆日本海アワビ,中国・四国,https://www.beerkeyaki.jp/shop/archives/90/,set,金賞ビール飲み比べ　スモールセット 210mml×4種,,4種すべて金賞のおすすめ【400円お得】セット★ビアへるんのすべてを味わって！★初めての方は特におすすめ！,,,,"1,600円",1600,
23,松江ビアへるん＆日本海アワビ,中国・四国,https://www.beerkeyaki.jp/shop/archives/90/,set,金賞ビール飲み比べ　レギュラーセット 360mml×4種,,4種すべて金賞のおすすめ【600円お得】セット★ビアへるんのすべてを味わって！,,,,"2,200円",2200,
23,松江ビアへるん＆日本海アワビ,中国・四国,https://www.beerkeyaki.jp/shop/archives/90/,set,金賞ビール飲み比べ　ラージセット 674mml×4種,,4種すべて金賞のおすすめ【1200円お得】セット★ビアへるんのすべてを味わって！,,,,"4,100円",4100,
23,松江ビアへるん＆日本海アワビ,中国・四国,https://www.beerkeyaki.jp/shop/archives/90/,beer,しじみヴァイツェン（松江ビアへるん）,限定,,ラージサーズ,674ml,674,"1,500円",1500,https://www.beerkeyaki.jp/beer/archives/632/
23,松江ビアへるん＆日本海アワビ,中国・四国,https://www.beerkeyaki.jp/shop/archives/90/,beer,しじみヴァイツェン（松江ビアへるん）,限定,,レギュラーサイズ,360ml,360,800円,800,https://www.beerkeyaki.jp/beer/archives/632/
23,松江ビアへるん＆日本海アワビ,中国・四国,https://www.beerkeyaki.jp/shop/archives/90/,beer,しじみヴァイツェン（松江ビアへるん）,限定,,スモールサイズ,210ml,210,600円,600,https://www.beerkeyaki.jp/beer/archives/632/
23,松江ビアへるん＆日本海アワビ,中国・四国,https://www.beerkeyaki.jp/shop/archives/90/,beer,しじみヴァイツェン（松江ビアへるん）,限定,,リユースグラス,275ml,275,700円,700,https://www.beerkeyaki.jp/beer/archives/632/
23,松江ビアへるん＆日本海アワビ,中国・四国,https://www.beerkeyaki.jp/shop/archives/90/,beer,山椒ホワイトエール（松江ビアへるん）,おすすめ / 限定,,ラージサーズ,674ml,674,"1,500円",1500,https://www.beerkeyaki.jp/beer/archives/1014/
23,松江ビアへるん＆日本海アワビ,中国・四国,https://www.beerkeyaki.jp/shop/archives/90/,beer,山椒ホワイトエール（松江ビアへるん）,おすすめ / 限定,,レギュラーサイズ,360ml,360,800円,800,https://www.beerkeyaki.jp/beer/archives/1014/
23,松江ビアへるん＆日本海アワビ,中国・四国,https://www.beerkeyaki.jp/shop/archives/90/,beer,山椒ホワイトエール（松江ビアへるん）,おすすめ / 限定,,スモールサイズ,210ml,210,600円,600,https://www.beerkeyaki.jp/beer/archives/1014/
23,松江ビアへるん＆日本海アワビ,中国・四国,https://www.beerkeyaki.jp/shop/archives/90/,beer,山椒ホワイトエール（松江ビアへるん）,おすすめ / 限定,,リユースグラス,275ml,275,700円,700,https://www.beerkeyaki.jp/beer/archives/1014/
23,松江ビアへるん＆日本海アワビ,中国・四国,https://www.beerkeyaki.jp/shop/archives/90/,beer,どぶろくびーる「おろち翠」七冠馬ver　（松江ビアへるん）,おすすめ / 限定,,レギュラーサイズ,360ml,360,800円,800,https://www.beerkeyaki.jp/beer/archives/856/
23,松江ビアへるん＆日本海アワビ,中国・四国,https://www.beerkeyaki.jp/shop/archives/90/,beer,どぶろくびーる「おろち翠」七冠馬ver　（松江ビアへるん）,おすすめ / 限定,,スモールサイズ,210ml,210,600円,600,https://www.beerkeyaki.jp/beer/archives/856/
23,松江ビアへるん＆日本海アワビ,中国・四国,https://www.beerkeyaki.jp/shop/archives/90/,beer,どぶろくびーる「おろち翠」七冠馬ver　（松江ビアへるん）,おすすめ / 限定,,リユース,275ml,275,700円,700,https://www.beerkeyaki.jp/beer/archives/856/
23,松江ビアへるん＆日本海アワビ,中国・四国,https://www.beerkeyaki.jp/shop/archives/90/,beer,コーヒーブロンド／ｊへるんのひととき　（松江ビアへるん）,限定,,ラージサーズ,674ml,674,"1,500円",1500,https://www.beerkeyaki.jp/beer/archives/1015/
23,松江ビアへるん＆日本海アワビ,中国・四国,https://www.beerkeyaki.jp/shop/archives/90/,beer,コーヒーブロンド／ｊへるんのひととき　（松江ビアへるん）,限定,,レギュラーサイズ,360ml,360,800円,800,https://www.beerkeyaki.jp/beer/archives/1015/
23,松江ビアへるん＆日本海アワビ,中国・四国,https://www.beerkeyaki.jp/shop/archives/90/,beer,コーヒーブロンド／ｊへるんのひととき　（松江ビアへるん）,限定,,スモールサイズ,210ml,210,600円,600,https://www.beerkeyaki.jp/beer/archives/1015/
23,松江ビアへるん＆日本海アワビ,中国・四国,https://www.beerkeyaki.jp/shop/archives/90/,beer,コーヒーブロンド／ｊへるんのひととき　（松江ビアへるん）,限定,,リユースグラス,275ml,275,700円,700,https://www.beerkeyaki.jp/beer/archives/1015/
23,松江ビアへるん＆日本海アワビ,中国・四国,https://www.beerkeyaki.jp/shop/archives/90/,beer,蜂蜜ビール「しんじ湖MOON」島根蜂蜜ver　　（松江ビアへるん）,限定,,ラージサーズ,674ml,674,"1,500円",1500,https://www.beerkeyaki.jp/beer/archives/857/
23,松江ビアへるん＆日本海アワビ,中国・四国,https://www.beerkeyaki.jp/shop/archives/90/,beer,蜂蜜ビール「しんじ湖MOON」島根蜂蜜ver　　（松江ビアへるん）,限定,,レギュラーサイズ,360ml,360,800円,800,https://www.beerkeyaki.jp/beer/archives/857/
23,松江ビアへるん＆日本海アワビ,中国・四国,https://www.beerkeyaki.jp/shop/archives/90/,beer,蜂蜜ビール「しんじ湖MOON」島根蜂蜜ver　　（松江ビアへるん）,限定,,スモールサイズ,210ml,210,600円,600,https://www.beerkeyaki.jp/beer/archives/857/
23,松江ビアへるん＆日本海アワビ,中国・四国,https://www.beerkeyaki.jp/shop/archives/90/,beer,蜂蜜ビール「しんじ湖MOON」島根蜂蜜ver　　（松江ビアへるん）,限定,,リユースグラス,275ml,275,700円,700,https://www.beerkeyaki.jp/beer/archives/857/
23,松江ビアへるん＆日本海アワビ,中国・四国,https://www.beerkeyaki.jp/shop/archives/90/,beer,駅弁AGARUビール　　（松江ビアへるん）,限定,,ラージサーズ,674ml,674,"1,500円",1500,https://www.beerkeyaki.jp/beer/archives/1016/
23,松江ビアへるん＆日本海アワビ,中国・四国,https://www.beerkeyaki.jp/shop/archives/90/,beer,駅弁AGARUビール　　（松江ビアへるん）,限定,,レギュラーサイズ,360ml,360,800円,800,https://www.beerkeyaki.jp/beer/archives/1016/
23,松江ビアへるん＆日本海アワビ,中国・四国,https://www.beerkeyaki.jp/shop/archives/90/,beer,駅弁AGARUビール　　（松江ビアへるん）,限定,,スモールサイズ,210ml,210,600円,600,https://www.beerkeyaki.jp/beer/archives/1016/
23,松江ビアへるん＆日本海アワビ,中国・四国,https://www.beerkeyaki.jp/shop/archives/90/,beer,駅弁AGARUビール　　（松江ビアへるん）,限定,,リユースグラス,275ml,275,700円,700,https://www.beerkeyaki.jp/beer/archives/1016/
23,松江ビアへるん＆日本海アワビ,中国・四国,https://www.beerkeyaki.jp/shop/archives/90/,beer,怪談ぶどうスパークリング　（松江ビアへるん）,限定,,ラージサーズ,674ml,674,"1,500円",1500,https://www.beerkeyaki.jp/beer/archives/1017/
23,松江ビアへるん＆日本海アワビ,中国・四国,https://www.beerkeyaki.jp/shop/archives/90/,beer,怪談ぶどうスパークリング　（松江ビアへるん）,限定,,レギュラーサイズ,360ml,360,800円,800,https://www.beerkeyaki.jp/beer/archives/1017/
23,松江ビアへるん＆日本海アワビ,中国・四国,https://www.beerkeyaki.jp/shop/archives/90/,beer,怪談ぶどうスパークリング　（松江ビアへるん）,限定,,スモールサイズ,210ml,210,600円,600,https://www.beerkeyaki.jp/beer/archives/1017/
23,松江ビアへるん＆日本海アワビ,中国・四国,https://www.beerkeyaki.jp/shop/archives/90/,beer,怪談ぶどうスパークリング　（松江ビアへるん）,限定,,リユースグラス,275ml,275,700円,700,https://www.beerkeyaki.jp/beer/archives/1017/
23,松江ビアへるん＆日本海アワビ,中国・四国,https://www.beerkeyaki.jp/shop/archives/90/,beer,黒糖トリペル　（松江ビアへるん）,限定,,ラージサーズ,674ml,674,"1,500円",1500,https://www.beerkeyaki.jp/beer/archives/1018/
23,松江ビアへるん＆日本海アワビ,中国・四国,https://www.beerkeyaki.jp/shop/archives/90/,beer,黒糖トリペル　（松江ビアへるん）,限定,,レギュラーサイズ,360ml,360,800円,800,https://www.beerkeyaki.jp/beer/archives/1018/
23,松江ビアへるん＆日本海アワビ,中国・四国,https://www.beerkeyaki.jp/shop/archives/90/,beer,黒糖トリペル　（松江ビアへるん）,限定,,スモールサイズ,210ml,210,600円,600,https://www.beerkeyaki.jp/beer/archives/1018/
23,松江ビアへるん＆日本海アワビ,中国・四国,https://www.beerkeyaki.jp/shop/archives/90/,beer,黒糖トリペル　（松江ビアへるん）,限定,,リユースグラス,275ml,275,700円,700,https://www.beerkeyaki.jp/beer/archives/1018/
23,松江ビアへるん＆日本海アワビ,中国・四国,https://www.beerkeyaki.jp/shop/archives/90/,beer,ゆずフレッシュ　　（松江ビアへるん）,限定,,ラージサーズ,674ml,674,"1,500円",1500,https://www.beerkeyaki.jp/beer/archives/362/
23,松江ビアへるん＆日本海アワビ,中国・四国,https://www.beerkeyaki.jp/shop/archives/90/,beer,ゆずフレッシュ　　（松江ビアへるん）,限定,,レギュラーサイズ,360ml,360,800円,800,https://www.beerkeyaki.jp/beer/archives/362/
23,松江ビアへるん＆日本海アワビ,中国・四国,https://www.beerkeyaki.jp/shop/archives/90/,beer,ゆずフレッシュ　　（松江ビアへるん）,限定,,スモールサイズ,210ml,210,600円,600,https://www.beerkeyaki.jp/beer/archives/362/
23,松江ビアへるん＆日本海アワビ,中国・四国,https://www.beerkeyaki.jp/shop/archives/90/,beer,ゆずフレッシュ　　（松江ビアへるん）,限定,,リユースグラス,275ml,275,700円,700,https://www.beerkeyaki.jp/beer/archives/362/
23,松江ビアへるん＆日本海アワビ,中国・四国,https://www.beerkeyaki.jp/shop/archives/90/,beer,生ホップビール！ゼウスビター　（松江ビアへるん）,限定,,ラージサーズ,674ml,674,"1,500円",1500,https://www.beerkeyaki.jp/beer/archives/1019/
23,松江ビアへるん＆日本海アワビ,中国・四国,https://www.beerkeyaki.jp/shop/archives/90/,beer,生ホップビール！ゼウスビター　（松江ビアへるん）,限定,,レギュラーサイズ,360ml,360,800円,800,https://www.beerkeyaki.jp/beer/archives/1019/
23,松江ビアへるん＆日本海アワビ,中国・四国,https://www.beerkeyaki.jp/shop/archives/90/,beer,生ホップビール！ゼウスビター　（松江ビアへるん）,限定,,スモールサイズ,210ml,210,600円,600,https://www.beerkeyaki.jp/beer/archives/1019/
23,松江ビアへるん＆日本海アワビ,中国・四国,https://www.beerkeyaki.jp/shop/archives/90/,beer,生ホップビール！ゼウスビター　（松江ビアへるん）,限定,,リユースグラス,275ml,275,700円,700,https://www.beerkeyaki.jp/beer/archives/1019/
23,松江ビアへるん＆日本海アワビ,中国・四国,https://www.beerkeyaki.jp/shop/archives/90/,beer,ヴァイツェン　（松江ビアへるん）,,,ラージサーズ,674ml,674,"1,300円",1300,https://www.beerkeyaki.jp/beer/archives/363/
23,松江ビアへるん＆日本海アワビ,中国・四国,https://www.beerkeyaki.jp/shop/archives/90/,beer,ヴァイツェン　（松江ビアへるん）,,,レギュラーサイズ,360ml,360,700円,700,https://www.beerkeyaki.jp/beer/archives/363/
23,松江ビアへるん＆日本海アワビ,中国・四国,https://www.beerkeyaki.jp/shop/archives/90/,beer,ヴァイツェン　（松江ビアへるん）,,,スモールサイズ,210ml,210,500円,500,https://www.beerkeyaki.jp/beer/archives/363/
23,松江ビアへるん＆日本海アワビ,中国・四国,https://www.beerkeyaki.jp/shop/archives/90/,beer,ヴァイツェン　（松江ビアへるん）,,,リユースグラス,275ml,275,600円,600,https://www.beerkeyaki.jp/beer/archives/363/
23,松江ビアへるん＆日本海アワビ,中国・四国,https://www.beerkeyaki.jp/shop/archives/90/,beer,縁結麦酒スタウト（えんむすびーる）　（松江ビアへるん）,,,ラージサーズ,674ml,674,"1,300円",1300,https://www.beerkeyaki.jp/beer/archives/364/
23,松江ビアへるん＆日本海アワビ,中国・四国,https://www.beerkeyaki.jp/shop/archives/90/,beer,縁結麦酒スタウト（えんむすびーる）　（松江ビアへるん）,,,レギュラーサイズ,360ml,360,700円,700,https://www.beerkeyaki.jp/beer/archives/364/
23,松江ビアへるん＆日本海アワビ,中国・四国,https://www.beerkeyaki.jp/shop/archives/90/,beer,縁結麦酒スタウト（えんむすびーる）　（松江ビアへるん）,,,スモールサイズ,210ml,210,500円,500,https://www.beerkeyaki.jp/beer/archives/364/
23,松江ビアへるん＆日本海アワビ,中国・四国,https://www.beerkeyaki.jp/shop/archives/90/,beer,縁結麦酒スタウト（えんむすびーる）　（松江ビアへるん）,,,リユースグラス,275ml,275,600円,600,https://www.beerkeyaki.jp/beer/archives/364/
23,松江ビアへるん＆日本海アワビ,中国・四国,https://www.beerkeyaki.jp/shop/archives/90/,beer,ペールエール　（松江ビアへるん）,,,ラージサーズ,674ml,674,"1,300円",1300,https://www.beerkeyaki.jp/beer/archives/366/
23,松江ビアへるん＆日本海アワビ,中国・四国,https://www.beerkeyaki.jp/shop/archives/90/,beer,ペールエール　（松江ビアへるん）,,,レギュラーサイズ,360ml,360,700円,700,https://www.beerkeyaki.jp/beer/archives/366/
23,松江ビアへるん＆日本海アワビ,中国・四国,https://www.beerkeyaki.jp/shop/archives/90/,beer,ペールエール　（松江ビアへるん）,,,スモールサイズ,210ml,210,500円,500,https://www.beerkeyaki.jp/beer/archives/366/
23,松江ビアへるん＆日本海アワビ,中国・四国,https://www.beerkeyaki.jp/shop/archives/90/,beer,ペールエール　（松江ビアへるん）,,,リユースグラス,275ml,275,600円,600,https://www.beerkeyaki.jp/beer/archives/366/
24,Nobody Brewing,関東,https://www.beerkeyaki.jp/shop/archives/116/,set,4種飲み比べセット,,"お得な飲み比べセット！
気になるビールが一気に飲めてお得！！",,,,"2,000円",2000,
24,Nobody Brewing,関東,https://www.beerkeyaki.jp/shop/archives/116/,beer,Birds Of Fire,おすすめ / 限定,,レギュラー,270ml,270,800円,800,https://www.beerkeyaki.jp/beer/archives/953/
24,Nobody Brewing,関東,https://www.beerkeyaki.jp/shop/archives/116/,beer,Birds Of Fire,おすすめ / 限定,,ラージ,420ml,420,"1,000円",1000,https://www.beerkeyaki.jp/beer/archives/953/
24,Nobody Brewing,関東,https://www.beerkeyaki.jp/shop/archives/116/,beer,Birds Of Fire,おすすめ / 限定,,リユースグラス,275ml,275,800円,800,https://www.beerkeyaki.jp/beer/archives/953/
24,Nobody Brewing,関東,https://www.beerkeyaki.jp/shop/archives/116/,beer,The Glitch,,,レギュラー,270ml,270,800円,800,https://www.beerkeyaki.jp/beer/archives/791/
24,Nobody Brewing,関東,https://www.beerkeyaki.jp/shop/archives/116/,beer,The Glitch,,,ラージ,420ml,420,"1,000円",1000,https://www.beerkeyaki.jp/beer/archives/791/
24,Nobody Brewing,関東,https://www.beerkeyaki.jp/shop/archives/116/,beer,The Glitch,,,リユースグラス,275ml,275,800円,800,https://www.beerkeyaki.jp/beer/archives/791/
24,Nobody Brewing,関東,https://www.beerkeyaki.jp/shop/archives/116/,beer,The Folk,,,レギュラー,270ml,270,800円,800,https://www.beerkeyaki.jp/beer/archives/792/
24,Nobody Brewing,関東,https://www.beerkeyaki.jp/shop/archives/116/,beer,The Folk,,,ラージ,420ml,420,"1,000円",1000,https://www.beerkeyaki.jp/beer/archives/792/
24,Nobody Brewing,関東,https://www.beerkeyaki.jp/shop/archives/116/,beer,The Folk,,,リユースグラス,275ml,275,800円,800,https://www.beerkeyaki.jp/beer/archives/792/
24,Nobody Brewing,関東,https://www.beerkeyaki.jp/shop/archives/116/,beer,The Slowcore,,,レギュラー,270ml,270,800円,800,https://www.beerkeyaki.jp/beer/archives/793/
24,Nobody Brewing,関東,https://www.beerkeyaki.jp/shop/archives/116/,beer,The Slowcore,,,ラージ,420ml,420,"1,000円",1000,https://www.beerkeyaki.jp/beer/archives/793/
24,Nobody Brewing,関東,https://www.beerkeyaki.jp/shop/archives/116/,beer,The Slowcore,,,リユースグラス,275ml,275,800円,800,https://www.beerkeyaki.jp/beer/archives/793/
24,Nobody Brewing,関東,https://www.beerkeyaki.jp/shop/archives/116/,beer,The Leftfield,おすすめ,,レギュラー,270ml,270,800円,800,https://www.beerkeyaki.jp/beer/archives/790/
24,Nobody Brewing,関東,https://www.beerkeyaki.jp/shop/archives/116/,beer,The Leftfield,おすすめ,,ラージ,420ml,420,"1,000円",1000,https://www.beerkeyaki.jp/beer/archives/790/
24,Nobody Brewing,関東,https://www.beerkeyaki.jp/shop/archives/116/,beer,The Leftfield,おすすめ,,リユースグラス,275ml,275,800円,800,https://www.beerkeyaki.jp/beer/archives/790/
24,Nobody Brewing,関東,https://www.beerkeyaki.jp/shop/archives/116/,beer,The Minimal,,,レギュラー,270ml,270,800円,800,https://www.beerkeyaki.jp/beer/archives/795/
24,Nobody Brewing,関東,https://www.beerkeyaki.jp/shop/archives/116/,beer,The Minimal,,,ラージ,420ml,420,"1,000円",1000,https://www.beerkeyaki.jp/beer/archives/795/
24,Nobody Brewing,関東,https://www.beerkeyaki.jp/shop/archives/116/,beer,The Minimal,,,リユースグラス,275ml,275,800円,800,https://www.beerkeyaki.jp/beer/archives/795/
24,Nobody Brewing,関東,https://www.beerkeyaki.jp/shop/archives/116/,beer,The House,,,レギュラー,270ml,270,800円,800,https://www.beerkeyaki.jp/beer/archives/796/
24,Nobody Brewing,関東,https://www.beerkeyaki.jp/shop/archives/116/,beer,The House,,,ラージ,420ml,420,"1,000円",1000,https://www.beerkeyaki.jp/beer/archives/796/
24,Nobody Brewing,関東,https://www.beerkeyaki.jp/shop/archives/116/,beer,The House,,,リユースグラス,275ml,275,800円,800,https://www.beerkeyaki.jp/beer/archives/796/
24,Nobody Brewing,関東,https://www.beerkeyaki.jp/shop/archives/116/,beer,The Triphop,,,レギュラー,270ml,270,800円,800,https://www.beerkeyaki.jp/beer/archives/797/
24,Nobody Brewing,関東,https://www.beerkeyaki.jp/shop/archives/116/,beer,The Triphop,,,ラージ,420ml,420,"1,000円",1000,https://www.beerkeyaki.jp/beer/archives/797/
24,Nobody Brewing,関東,https://www.beerkeyaki.jp/shop/archives/116/,beer,The Triphop,,,リユースグラス,275ml,275,800円,800,https://www.beerkeyaki.jp/beer/archives/797/
24,Nobody Brewing,関東,https://www.beerkeyaki.jp/shop/archives/116/,beer,The Jig,,,レギュラー,270ml,270,800円,800,https://www.beerkeyaki.jp/beer/archives/954/
24,Nobody Brewing,関東,https://www.beerkeyaki.jp/shop/archives/116/,beer,The Jig,,,ラージ,420ml,420,"1,000円",1000,https://www.beerkeyaki.jp/beer/archives/954/
24,Nobody Brewing,関東,https://www.beerkeyaki.jp/shop/archives/116/,beer,The Jig,,,リユースグラス,275ml,275,800円,800,https://www.beerkeyaki.jp/beer/archives/954/
24,Nobody Brewing,関東,https://www.beerkeyaki.jp/shop/archives/116/,beer,[数量限定]シークレットビール from TEENAGE,,,レギュラー,270ml,270,900円,900,https://www.beerkeyaki.jp/beer/archives/798/
24,Nobody Brewing,関東,https://www.beerkeyaki.jp/shop/archives/116/,beer,[数量限定]シークレットビール from TEENAGE,,,ラージ,420ml,420,"1,200円",1200,https://www.beerkeyaki.jp/beer/archives/798/
24,Nobody Brewing,関東,https://www.beerkeyaki.jp/shop/archives/116/,beer,[数量限定]シークレットビール from TEENAGE,,,リユースグラス,275ml,275,900円,900,https://www.beerkeyaki.jp/beer/archives/798/
25,うしとらブルワリー,関東,https://www.beerkeyaki.jp/shop/archives/54/,set,4種飲み比べセット（Aセット）,,商品番号1番～4番のビールが1つずつ入った4種セットです。,,,,"1,900円",1900,
25,うしとらブルワリー,関東,https://www.beerkeyaki.jp/shop/archives/54/,set,4種飲み比べセット（Bセット）,,商品番号5番～8番のビールが1つずつ入った4種セットです。,,,,"1,900円",1900,
25,うしとらブルワリー,関東,https://www.beerkeyaki.jp/shop/archives/54/,beer,けやきスペシャルビール（名称未定）,限定,,Mサイズ,300ml,300,900円,900,https://www.beerkeyaki.jp/beer/archives/781/
25,うしとらブルワリー,関東,https://www.beerkeyaki.jp/shop/archives/54/,beer,けやきスペシャルビール（名称未定）,限定,,Lサイズ,500ml,500,"1,300円",1300,https://www.beerkeyaki.jp/beer/archives/781/
25,うしとらブルワリー,関東,https://www.beerkeyaki.jp/shop/archives/54/,beer,けやきスペシャルビール（名称未定）,限定,,リユースグラス,275ml,275,800円,800,https://www.beerkeyaki.jp/beer/archives/781/
25,うしとらブルワリー,関東,https://www.beerkeyaki.jp/shop/archives/54/,beer,いちご王国 -Strawberry Kingdom-,おすすめ / 限定,,Mサイズ,300ml,300,900円,900,https://www.beerkeyaki.jp/beer/archives/179/
25,うしとらブルワリー,関東,https://www.beerkeyaki.jp/shop/archives/54/,beer,いちご王国 -Strawberry Kingdom-,おすすめ / 限定,,Lサイズ,500ml,500,"1,300円",1300,https://www.beerkeyaki.jp/beer/archives/179/
25,うしとらブルワリー,関東,https://www.beerkeyaki.jp/shop/archives/54/,beer,いちご王国 -Strawberry Kingdom-,おすすめ / 限定,,リユースグラス,275ml,275,800円,800,https://www.beerkeyaki.jp/beer/archives/179/
25,うしとらブルワリー,関東,https://www.beerkeyaki.jp/shop/archives/54/,beer,どろよい - Hazy Double IPA -,おすすめ / 限定,,Mサイズ,300ml,300,900円,900,https://www.beerkeyaki.jp/beer/archives/180/
25,うしとらブルワリー,関東,https://www.beerkeyaki.jp/shop/archives/54/,beer,どろよい - Hazy Double IPA -,おすすめ / 限定,,Lサイズ,500ml,500,"1,300円",1300,https://www.beerkeyaki.jp/beer/archives/180/
25,うしとらブルワリー,関東,https://www.beerkeyaki.jp/shop/archives/54/,beer,どろよい - Hazy Double IPA -,おすすめ / 限定,,リユースグラス,275ml,275,800円,800,https://www.beerkeyaki.jp/beer/archives/180/
25,うしとらブルワリー,関東,https://www.beerkeyaki.jp/shop/archives/54/,beer,阿修羅トリプルIPA,限定,,Mサイズ,300ml,300,900円,900,https://www.beerkeyaki.jp/beer/archives/183/
25,うしとらブルワリー,関東,https://www.beerkeyaki.jp/shop/archives/54/,beer,阿修羅トリプルIPA,限定,,Lサイズ,500ml,500,"1,300円",1300,https://www.beerkeyaki.jp/beer/archives/183/
25,うしとらブルワリー,関東,https://www.beerkeyaki.jp/shop/archives/54/,beer,阿修羅トリプルIPA,限定,,リユースグラス,275ml,275,800円,800,https://www.beerkeyaki.jp/beer/archives/183/
25,うしとらブルワリー,関東,https://www.beerkeyaki.jp/shop/archives/54/,beer,ミヤシタパークIPA,限定,,Mサイズ,300ml,300,900円,900,https://www.beerkeyaki.jp/beer/archives/182/
25,うしとらブルワリー,関東,https://www.beerkeyaki.jp/shop/archives/54/,beer,ミヤシタパークIPA,限定,,Lサイズ,500ml,500,"1,300円",1300,https://www.beerkeyaki.jp/beer/archives/182/
25,うしとらブルワリー,関東,https://www.beerkeyaki.jp/shop/archives/54/,beer,ミヤシタパークIPA,限定,,リユースグラス,275ml,275,800円,800,https://www.beerkeyaki.jp/beer/archives/182/
25,うしとらブルワリー,関東,https://www.beerkeyaki.jp/shop/archives/54/,beer,乱穫注意（桃ヴァイツェンボック）,限定,,Mサイズ,300ml,300,900円,900,https://www.beerkeyaki.jp/beer/archives/469/
25,うしとらブルワリー,関東,https://www.beerkeyaki.jp/shop/archives/54/,beer,乱穫注意（桃ヴァイツェンボック）,限定,,Lサイズ,500ml,500,"1,300円",1300,https://www.beerkeyaki.jp/beer/archives/469/
25,うしとらブルワリー,関東,https://www.beerkeyaki.jp/shop/archives/54/,beer,乱穫注意（桃ヴァイツェンボック）,限定,,リユースグラス,275ml,275,800円,800,https://www.beerkeyaki.jp/beer/archives/469/
25,うしとらブルワリー,関東,https://www.beerkeyaki.jp/shop/archives/54/,beer,じっくりコトコト仕込んだピルス,限定,,Mサイズ,300ml,300,900円,900,https://www.beerkeyaki.jp/beer/archives/948/
25,うしとらブルワリー,関東,https://www.beerkeyaki.jp/shop/archives/54/,beer,じっくりコトコト仕込んだピルス,限定,,Lサイズ,500ml,500,"1,300円",1300,https://www.beerkeyaki.jp/beer/archives/948/
25,うしとらブルワリー,関東,https://www.beerkeyaki.jp/shop/archives/54/,beer,じっくりコトコト仕込んだピルス,限定,,リユースグラス,275ml,275,800円,800,https://www.beerkeyaki.jp/beer/archives/948/
25,うしとらブルワリー,関東,https://www.beerkeyaki.jp/shop/archives/54/,beer,苦そうで苦くない少し苦いシュバルツ,限定,,Mサイズ,300ml,300,900円,900,https://www.beerkeyaki.jp/beer/archives/949/
25,うしとらブルワリー,関東,https://www.beerkeyaki.jp/shop/archives/54/,beer,苦そうで苦くない少し苦いシュバルツ,限定,,Lサイズ,500ml,500,"1,300円",1300,https://www.beerkeyaki.jp/beer/archives/949/
25,うしとらブルワリー,関東,https://www.beerkeyaki.jp/shop/archives/54/,beer,苦そうで苦くない少し苦いシュバルツ,限定,,リユースグラス,275ml,275,800円,800,https://www.beerkeyaki.jp/beer/archives/949/
25,うしとらブルワリー,関東,https://www.beerkeyaki.jp/shop/archives/54/,beer,キラ星☆夏みかんサワー,,,Mサイズ,300ml,300,900円,900,https://www.beerkeyaki.jp/beer/archives/950/
25,うしとらブルワリー,関東,https://www.beerkeyaki.jp/shop/archives/54/,beer,キラ星☆夏みかんサワー,,,Lサイズ,500ml,500,"1,300円",1300,https://www.beerkeyaki.jp/beer/archives/950/
25,うしとらブルワリー,関東,https://www.beerkeyaki.jp/shop/archives/54/,beer,キラ星☆夏みかんサワー,,,リユースグラス,275ml,275,800円,800,https://www.beerkeyaki.jp/beer/archives/950/
25,うしとらブルワリー,関東,https://www.beerkeyaki.jp/shop/archives/54/,beer,おも白いびぃる,限定,,Mサイズ,300ml,300,900円,900,https://www.beerkeyaki.jp/beer/archives/951/
25,うしとらブルワリー,関東,https://www.beerkeyaki.jp/shop/archives/54/,beer,おも白いびぃる,限定,,Lサイズ,500ml,500,"1,300円",1300,https://www.beerkeyaki.jp/beer/archives/951/
25,うしとらブルワリー,関東,https://www.beerkeyaki.jp/shop/archives/54/,beer,おも白いびぃる,限定,,リユースグラス,275ml,275,800円,800,https://www.beerkeyaki.jp/beer/archives/951/
25,うしとらブルワリー,関東,https://www.beerkeyaki.jp/shop/archives/54/,beer,ちょ、ラテよ！,限定,,Mサイズ,300ml,300,900円,900,https://www.beerkeyaki.jp/beer/archives/952/
25,うしとらブルワリー,関東,https://www.beerkeyaki.jp/shop/archives/54/,beer,ちょ、ラテよ！,限定,,Lサイズ,500ml,500,"1,300円",1300,https://www.beerkeyaki.jp/beer/archives/952/
25,うしとらブルワリー,関東,https://www.beerkeyaki.jp/shop/archives/54/,beer,ちょ、ラテよ！,限定,,リユースグラス,275ml,275,800円,800,https://www.beerkeyaki.jp/beer/archives/952/
26,およろこBrewery,東海,https://www.beerkeyaki.jp/shop/archives/117/,set,４種飲み比べセット,,人気の液種をお得なセットにしました。個性豊かな４種とフードのペアリングをお楽しみください。,,,,"2,000円",2000,
26,およろこBrewery,東海,https://www.beerkeyaki.jp/shop/archives/117/,beer,KEYAKI ジャスミン＆トマトエール,おすすめ,,レギュラー,350ml,350,800円,800,https://www.beerkeyaki.jp/beer/archives/966/
26,およろこBrewery,東海,https://www.beerkeyaki.jp/shop/archives/117/,beer,KEYAKI ジャスミン＆トマトエール,おすすめ,,ラージ,500ml,500,"1,200円",1200,https://www.beerkeyaki.jp/beer/archives/966/
26,およろこBrewery,東海,https://www.beerkeyaki.jp/shop/archives/117/,beer,KEYAKI ジャスミン＆トマトエール,おすすめ,,リユースグラス,275ml,275,650円,650,https://www.beerkeyaki.jp/beer/archives/966/
26,およろこBrewery,東海,https://www.beerkeyaki.jp/shop/archives/117/,beer,〜援〜ブルーベリーエール,おすすめ,,レギュラー,350ml,350,800円,800,https://www.beerkeyaki.jp/beer/archives/967/
26,およろこBrewery,東海,https://www.beerkeyaki.jp/shop/archives/117/,beer,〜援〜ブルーベリーエール,おすすめ,,ラージ,500ml,500,"1,200円",1200,https://www.beerkeyaki.jp/beer/archives/967/
26,およろこBrewery,東海,https://www.beerkeyaki.jp/shop/archives/117/,beer,〜援〜ブルーベリーエール,おすすめ,,リユースグラス,275ml,275,650円,650,https://www.beerkeyaki.jp/beer/archives/967/
26,およろこBrewery,東海,https://www.beerkeyaki.jp/shop/archives/117/,beer,〜喜〜ペールエール,,,レギュラー,350ml,350,800円,800,https://www.beerkeyaki.jp/beer/archives/968/
26,およろこBrewery,東海,https://www.beerkeyaki.jp/shop/archives/117/,beer,〜喜〜ペールエール,,,ラージ,500ml,500,"1,200円",1200,https://www.beerkeyaki.jp/beer/archives/968/
26,およろこBrewery,東海,https://www.beerkeyaki.jp/shop/archives/117/,beer,〜喜〜ペールエール,,,リユースグラス,275ml,275,650円,650,https://www.beerkeyaki.jp/beer/archives/968/
26,およろこBrewery,東海,https://www.beerkeyaki.jp/shop/archives/117/,beer,〜歓〜ピルスナー,,,レギュラー,350ml,350,800円,800,https://www.beerkeyaki.jp/beer/archives/969/
26,およろこBrewery,東海,https://www.beerkeyaki.jp/shop/archives/117/,beer,〜歓〜ピルスナー,,,ラージ,500ml,500,"1,200円",1200,https://www.beerkeyaki.jp/beer/archives/969/
26,およろこBrewery,東海,https://www.beerkeyaki.jp/shop/archives/117/,beer,〜歓〜ピルスナー,,,リユースグラス,275ml,275,650円,650,https://www.beerkeyaki.jp/beer/archives/969/
26,およろこBrewery,東海,https://www.beerkeyaki.jp/shop/archives/117/,beer,〜慶〜ヴァイツェン,,,レギュラー,350ml,350,800円,800,https://www.beerkeyaki.jp/beer/archives/970/
26,およろこBrewery,東海,https://www.beerkeyaki.jp/shop/archives/117/,beer,〜慶〜ヴァイツェン,,,ラージ,500ml,500,"1,200円",1200,https://www.beerkeyaki.jp/beer/archives/970/
26,およろこBrewery,東海,https://www.beerkeyaki.jp/shop/archives/117/,beer,〜慶〜ヴァイツェン,,,リユースグラス,275ml,275,650円,650,https://www.beerkeyaki.jp/beer/archives/970/
26,およろこBrewery,東海,https://www.beerkeyaki.jp/shop/archives/117/,beer,〜悦〜W-IPA,,,レギュラー,350ml,350,800円,800,https://www.beerkeyaki.jp/beer/archives/971/
26,およろこBrewery,東海,https://www.beerkeyaki.jp/shop/archives/117/,beer,〜悦〜W-IPA,,,ラージ,500ml,500,"1,200円",1200,https://www.beerkeyaki.jp/beer/archives/971/
26,およろこBrewery,東海,https://www.beerkeyaki.jp/shop/archives/117/,beer,〜悦〜W-IPA,,,リユースグラス,275ml,275,650円,650,https://www.beerkeyaki.jp/beer/archives/971/
26,およろこBrewery,東海,https://www.beerkeyaki.jp/shop/archives/117/,beer,チェリー＆ラズベリーエール,,,レギュラー,350ml,350,800円,800,https://www.beerkeyaki.jp/beer/archives/972/
26,およろこBrewery,東海,https://www.beerkeyaki.jp/shop/archives/117/,beer,チェリー＆ラズベリーエール,,,ラージ,500ml,500,"1,200円",1200,https://www.beerkeyaki.jp/beer/archives/972/
26,およろこBrewery,東海,https://www.beerkeyaki.jp/shop/archives/117/,beer,チェリー＆ラズベリーエール,,,リユースグラス,275ml,275,650円,650,https://www.beerkeyaki.jp/beer/archives/972/
27,そじ坊・杵屋,関東,https://www.beerkeyaki.jp/shop/archives/63/,beer,サッポロ生ビール,おすすめ,,Lカップ,532ml,532,600円,600,https://www.beerkeyaki.jp/beer/archives/422/
28,KOBO Brewery,北陸・甲信越,https://www.beerkeyaki.jp/shop/archives/76/,set,４種飲み比べセット,,９種類の中から、好きな組み合わせを選んでお楽しみ頂けます♪,,,,"1,800円",1800,
28,KOBO Brewery,北陸・甲信越,https://www.beerkeyaki.jp/shop/archives/76/,beer,KEYAKI　DesítkaⅠ.,おすすめ,,Mサイズ,300ml,300,800円,800,https://www.beerkeyaki.jp/beer/archives/935/
28,KOBO Brewery,北陸・甲信越,https://www.beerkeyaki.jp/shop/archives/76/,beer,KEYAKI　DesítkaⅠ.,おすすめ,,Lサイズ,500ml,500,"1,000円",1000,https://www.beerkeyaki.jp/beer/archives/935/
28,KOBO Brewery,北陸・甲信越,https://www.beerkeyaki.jp/shop/archives/76/,beer,KEYAKI　DesítkaⅠ.,おすすめ,,リユース,275ml,275,700円,700,https://www.beerkeyaki.jp/beer/archives/935/
28,KOBO Brewery,北陸・甲信越,https://www.beerkeyaki.jp/shop/archives/76/,beer,プレミアントピルスナー,おすすめ,,Mサイズ,300ml,300,800円,800,https://www.beerkeyaki.jp/beer/archives/270/
28,KOBO Brewery,北陸・甲信越,https://www.beerkeyaki.jp/shop/archives/76/,beer,プレミアントピルスナー,おすすめ,,Lサイズ,500ml,500,"1,000円",1000,https://www.beerkeyaki.jp/beer/archives/270/
28,KOBO Brewery,北陸・甲信越,https://www.beerkeyaki.jp/shop/archives/76/,beer,プレミアントピルスナー,おすすめ,,リユース,275ml,275,700円,700,https://www.beerkeyaki.jp/beer/archives/270/
28,KOBO Brewery,北陸・甲信越,https://www.beerkeyaki.jp/shop/archives/76/,beer,3Aラガー,,,Mサイズ,300ml,300,800円,800,https://www.beerkeyaki.jp/beer/archives/271/
28,KOBO Brewery,北陸・甲信越,https://www.beerkeyaki.jp/shop/archives/76/,beer,3Aラガー,,,Lサイズ,500ml,500,"1,000円",1000,https://www.beerkeyaki.jp/beer/archives/271/
28,KOBO Brewery,北陸・甲信越,https://www.beerkeyaki.jp/shop/archives/76/,beer,3Aラガー,,,リユース,275ml,275,700円,700,https://www.beerkeyaki.jp/beer/archives/271/
28,KOBO Brewery,北陸・甲信越,https://www.beerkeyaki.jp/shop/archives/76/,beer,ダークラガー,,,Mサイズ,300ml,300,800円,800,https://www.beerkeyaki.jp/beer/archives/273/
28,KOBO Brewery,北陸・甲信越,https://www.beerkeyaki.jp/shop/archives/76/,beer,ダークラガー,,,Lサイズ,500ml,500,"1,000円",1000,https://www.beerkeyaki.jp/beer/archives/273/
28,KOBO Brewery,北陸・甲信越,https://www.beerkeyaki.jp/shop/archives/76/,beer,ダークラガー,,,リユース,275ml,275,700円,700,https://www.beerkeyaki.jp/beer/archives/273/
28,KOBO Brewery,北陸・甲信越,https://www.beerkeyaki.jp/shop/archives/76/,beer,ヴァイツェン,,,Mサイズ,300ml,300,800円,800,https://www.beerkeyaki.jp/beer/archives/936/
28,KOBO Brewery,北陸・甲信越,https://www.beerkeyaki.jp/shop/archives/76/,beer,ヴァイツェン,,,Lサイズ,500ml,500,"1,000円",1000,https://www.beerkeyaki.jp/beer/archives/936/
28,KOBO Brewery,北陸・甲信越,https://www.beerkeyaki.jp/shop/archives/76/,beer,ヴァイツェン,,,リユース,275ml,275,700円,700,https://www.beerkeyaki.jp/beer/archives/936/
28,KOBO Brewery,北陸・甲信越,https://www.beerkeyaki.jp/shop/archives/76/,beer,CRAZY,,,Mサイズ,300ml,300,900円,900,https://www.beerkeyaki.jp/beer/archives/937/
28,KOBO Brewery,北陸・甲信越,https://www.beerkeyaki.jp/shop/archives/76/,beer,CRAZY,,,Lサイズ,500ml,500,"1,000円",1000,https://www.beerkeyaki.jp/beer/archives/937/
28,KOBO Brewery,北陸・甲信越,https://www.beerkeyaki.jp/shop/archives/76/,beer,CRAZY,,,リユース,275ml,275,800円,800,https://www.beerkeyaki.jp/beer/archives/937/
28,KOBO Brewery,北陸・甲信越,https://www.beerkeyaki.jp/shop/archives/76/,beer,RED SOULⅠ.,,,Mサイズ,300ml,300,900円,900,https://www.beerkeyaki.jp/beer/archives/938/
28,KOBO Brewery,北陸・甲信越,https://www.beerkeyaki.jp/shop/archives/76/,beer,RED SOULⅠ.,,,Lサイズ,500ml,500,"1,100円",1100,https://www.beerkeyaki.jp/beer/archives/938/
28,KOBO Brewery,北陸・甲信越,https://www.beerkeyaki.jp/shop/archives/76/,beer,RED SOULⅠ.,,,リユース,275ml,275,800円,800,https://www.beerkeyaki.jp/beer/archives/938/
28,KOBO Brewery,北陸・甲信越,https://www.beerkeyaki.jp/shop/archives/76/,beer,KOTAS'S HOPPY 50th,,,Mサイズ,300ml,300,900円,900,https://www.beerkeyaki.jp/beer/archives/939/
28,KOBO Brewery,北陸・甲信越,https://www.beerkeyaki.jp/shop/archives/76/,beer,KOTAS'S HOPPY 50th,,,Lサイズ,500ml,500,"1,100円",1100,https://www.beerkeyaki.jp/beer/archives/939/
28,KOBO Brewery,北陸・甲信越,https://www.beerkeyaki.jp/shop/archives/76/,beer,KOTAS'S HOPPY 50th,,,リユース,275ml,275,800円,800,https://www.beerkeyaki.jp/beer/archives/939/
28,KOBO Brewery,北陸・甲信越,https://www.beerkeyaki.jp/shop/archives/76/,beer,インペリアルスタウト,限定,,Mサイズ,300ml,300,"1,000円",1000,https://www.beerkeyaki.jp/beer/archives/276/
28,KOBO Brewery,北陸・甲信越,https://www.beerkeyaki.jp/shop/archives/76/,beer,インペリアルスタウト,限定,,リユース,275ml,275,900円,900,https://www.beerkeyaki.jp/beer/archives/276/
29,ティー・ワイ・ハーバーブルワリー,関東,https://www.beerkeyaki.jp/shop/archives/111/,set,テイスティングセット,,当日のラインナップからお気に入りの4種類をピックアップできるお試しセットです。,,,,"1,800円",1800,
29,ティー・ワイ・ハーバーブルワリー,関東,https://www.beerkeyaki.jp/shop/archives/111/,beer,けやきまるごとピーチ,限定,,Mサイズ,350ml,350,800円,800,https://www.beerkeyaki.jp/beer/archives/956/
29,ティー・ワイ・ハーバーブルワリー,関東,https://www.beerkeyaki.jp/shop/archives/111/,beer,けやきまるごとピーチ,限定,,Lサイズ,420ml,420,"1,000円",1000,https://www.beerkeyaki.jp/beer/archives/956/
30,CHORYO Craft Beer,近畿,https://www.beerkeyaki.jp/shop/archives/37/,set,4種飲み比べセット,,4種飲み比べセット,,,,"1,800円",1800,
30,CHORYO Craft Beer,近畿,https://www.beerkeyaki.jp/shop/archives/37/,set,5種飲み比べセット,,お得な5種セット！,,,,"2,000円",2000,
30,CHORYO Craft Beer,近畿,https://www.beerkeyaki.jp/shop/archives/37/,set,日本酒3種飲み比べセット,,長龍の日本酒3種飲み比べセット,,,,"1,200円",1200,
30,CHORYO Craft Beer,近畿,https://www.beerkeyaki.jp/shop/archives/37/,beer,ライスラガ―,,,M,300ml,300,900円,900,https://www.beerkeyaki.jp/beer/archives/371/
30,CHORYO Craft Beer,近畿,https://www.beerkeyaki.jp/shop/archives/37/,beer,ライスラガ―,,,L,600ml,600,"1,200円",1200,https://www.beerkeyaki.jp/beer/archives/371/
30,CHORYO Craft Beer,近畿,https://www.beerkeyaki.jp/shop/archives/37/,beer,ライスラガ―,,,MEGA,"1,000ml",1000,"1,800円",1800,https://www.beerkeyaki.jp/beer/archives/371/
30,CHORYO Craft Beer,近畿,https://www.beerkeyaki.jp/shop/archives/37/,beer,ライスラガ―,,,リユースグラス,275ml,275,800円,800,https://www.beerkeyaki.jp/beer/archives/371/
30,CHORYO Craft Beer,近畿,https://www.beerkeyaki.jp/shop/archives/37/,beer,欅ノミツコ,おすすめ / 限定,,M,300ml,300,900円,900,https://www.beerkeyaki.jp/beer/archives/543/
30,CHORYO Craft Beer,近畿,https://www.beerkeyaki.jp/shop/archives/37/,beer,欅ノミツコ,おすすめ / 限定,,L,600ml,600,"1,200円",1200,https://www.beerkeyaki.jp/beer/archives/543/
30,CHORYO Craft Beer,近畿,https://www.beerkeyaki.jp/shop/archives/37/,beer,欅ノミツコ,おすすめ / 限定,,MEGA,"1,000ml",1000,"1,800円",1800,https://www.beerkeyaki.jp/beer/archives/543/
30,CHORYO Craft Beer,近畿,https://www.beerkeyaki.jp/shop/archives/37/,beer,欅ノミツコ,おすすめ / 限定,,リユースグラス,275ml,275,800円,800,https://www.beerkeyaki.jp/beer/archives/543/
30,CHORYO Craft Beer,近畿,https://www.beerkeyaki.jp/shop/archives/37/,beer,NZ WC HAZY IPA (名称変更の可能性あり）,,,M,300ml,300,900円,900,https://www.beerkeyaki.jp/beer/archives/1000/
30,CHORYO Craft Beer,近畿,https://www.beerkeyaki.jp/shop/archives/37/,beer,NZ WC HAZY IPA (名称変更の可能性あり）,,,L,600ml,600,"1,200円",1200,https://www.beerkeyaki.jp/beer/archives/1000/
30,CHORYO Craft Beer,近畿,https://www.beerkeyaki.jp/shop/archives/37/,beer,NZ WC HAZY IPA (名称変更の可能性あり）,,,MEGA,"1,000ml",1000,"1,800円",1800,https://www.beerkeyaki.jp/beer/archives/1000/
30,CHORYO Craft Beer,近畿,https://www.beerkeyaki.jp/shop/archives/37/,beer,NZ WC HAZY IPA (名称変更の可能性あり）,,,リユースグラス,275ml,275,800円,800,https://www.beerkeyaki.jp/beer/archives/1000/
30,CHORYO Craft Beer,近畿,https://www.beerkeyaki.jp/shop/archives/37/,beer,L.A.F.A　(Low Alcohol Fruited Ale)  w/Japanese Black Tea & Peach,,,M,300ml,300,900円,900,https://www.beerkeyaki.jp/beer/archives/1001/
30,CHORYO Craft Beer,近畿,https://www.beerkeyaki.jp/shop/archives/37/,beer,L.A.F.A　(Low Alcohol Fruited Ale)  w/Japanese Black Tea & Peach,,,L,600ml,600,"1,200円",1200,https://www.beerkeyaki.jp/beer/archives/1001/
30,CHORYO Craft Beer,近畿,https://www.beerkeyaki.jp/shop/archives/37/,beer,L.A.F.A　(Low Alcohol Fruited Ale)  w/Japanese Black Tea & Peach,,,MEGA,"1,000ml",1000,"1,800円",1800,https://www.beerkeyaki.jp/beer/archives/1001/
30,CHORYO Craft Beer,近畿,https://www.beerkeyaki.jp/shop/archives/37/,beer,L.A.F.A　(Low Alcohol Fruited Ale)  w/Japanese Black Tea & Peach,,,リユースグラス,275ml,275,800円,800,https://www.beerkeyaki.jp/beer/archives/1001/
30,CHORYO Craft Beer,近畿,https://www.beerkeyaki.jp/shop/archives/37/,beer,龒 -Rin- Pastry Sour -Red Fruit Blend-,,,M,300ml,300,900円,900,https://www.beerkeyaki.jp/beer/archives/1002/
30,CHORYO Craft Beer,近畿,https://www.beerkeyaki.jp/shop/archives/37/,beer,龒 -Rin- Pastry Sour -Red Fruit Blend-,,,L,600ml,600,"1,200円",1200,https://www.beerkeyaki.jp/beer/archives/1002/
30,CHORYO Craft Beer,近畿,https://www.beerkeyaki.jp/shop/archives/37/,beer,龒 -Rin- Pastry Sour -Red Fruit Blend-,,,MEGA,"1,000ml",1000,"1,800円",1800,https://www.beerkeyaki.jp/beer/archives/1002/
30,CHORYO Craft Beer,近畿,https://www.beerkeyaki.jp/shop/archives/37/,beer,龒 -Rin- Pastry Sour -Red Fruit Blend-,,,リユースグラス,275ml,275,800円,800,https://www.beerkeyaki.jp/beer/archives/1002/
30,CHORYO Craft Beer,近畿,https://www.beerkeyaki.jp/shop/archives/37/,beer,NARA CRUSH,,,M,300ml,300,900円,900,https://www.beerkeyaki.jp/beer/archives/1003/
30,CHORYO Craft Beer,近畿,https://www.beerkeyaki.jp/shop/archives/37/,beer,NARA CRUSH,,,L,600ml,600,"1,200円",1200,https://www.beerkeyaki.jp/beer/archives/1003/
30,CHORYO Craft Beer,近畿,https://www.beerkeyaki.jp/shop/archives/37/,beer,NARA CRUSH,,,MEGA,"1,000ml",1000,"1,800円",1800,https://www.beerkeyaki.jp/beer/archives/1003/
30,CHORYO Craft Beer,近畿,https://www.beerkeyaki.jp/shop/archives/37/,beer,NARA CRUSH,,,リユースグラス,275ml,275,800円,800,https://www.beerkeyaki.jp/beer/archives/1003/
30,CHORYO Craft Beer,近畿,https://www.beerkeyaki.jp/shop/archives/37/,beer,Krush/Mosaic HAZY IPA,,,M,300ml,300,900円,900,https://www.beerkeyaki.jp/beer/archives/1004/
30,CHORYO Craft Beer,近畿,https://www.beerkeyaki.jp/shop/archives/37/,beer,Krush/Mosaic HAZY IPA,,,L,600ml,600,"1,200円",1200,https://www.beerkeyaki.jp/beer/archives/1004/
30,CHORYO Craft Beer,近畿,https://www.beerkeyaki.jp/shop/archives/37/,beer,Krush/Mosaic HAZY IPA,,,MEGA,"1,000ml",1000,"1,800円",1800,https://www.beerkeyaki.jp/beer/archives/1004/
30,CHORYO Craft Beer,近畿,https://www.beerkeyaki.jp/shop/archives/37/,beer,Krush/Mosaic HAZY IPA,,,リユースグラス,275ml,275,800円,800,https://www.beerkeyaki.jp/beer/archives/1004/
30,CHORYO Craft Beer,近畿,https://www.beerkeyaki.jp/shop/archives/37/,beer,SUMMER ALE,,,M,300ml,300,900円,900,https://www.beerkeyaki.jp/beer/archives/1005/
30,CHORYO Craft Beer,近畿,https://www.beerkeyaki.jp/shop/archives/37/,beer,SUMMER ALE,,,L,600ml,600,"1,200円",1200,https://www.beerkeyaki.jp/beer/archives/1005/
30,CHORYO Craft Beer,近畿,https://www.beerkeyaki.jp/shop/archives/37/,beer,SUMMER ALE,,,MEGA,"1,000ml",1000,"1,800円",1800,https://www.beerkeyaki.jp/beer/archives/1005/
30,CHORYO Craft Beer,近畿,https://www.beerkeyaki.jp/shop/archives/37/,beer,SUMMER ALE,,,リユースグラス,275ml,275,800円,800,https://www.beerkeyaki.jp/beer/archives/1005/
30,CHORYO Craft Beer,近畿,https://www.beerkeyaki.jp/shop/archives/37/,beer,Ride The Dragon,限定,,M,300ml,300,900円,900,https://www.beerkeyaki.jp/beer/archives/1006/
30,CHORYO Craft Beer,近畿,https://www.beerkeyaki.jp/shop/archives/37/,beer,Ride The Dragon,限定,,L,600ml,600,"1,200円",1200,https://www.beerkeyaki.jp/beer/archives/1006/
30,CHORYO Craft Beer,近畿,https://www.beerkeyaki.jp/shop/archives/37/,beer,Ride The Dragon,限定,,MEGA,"1,000ml",1000,"1,800円",1800,https://www.beerkeyaki.jp/beer/archives/1006/
30,CHORYO Craft Beer,近畿,https://www.beerkeyaki.jp/shop/archives/37/,beer,Ride The Dragon,限定,,リユースグラス,275ml,275,800円,800,https://www.beerkeyaki.jp/beer/archives/1006/
30,CHORYO Craft Beer,近畿,https://www.beerkeyaki.jp/shop/archives/37/,beer,SESSION IPA,限定,,M,300ml,300,900円,900,https://www.beerkeyaki.jp/beer/archives/1007/
30,CHORYO Craft Beer,近畿,https://www.beerkeyaki.jp/shop/archives/37/,beer,SESSION IPA,限定,,L,600ml,600,"1,200円",1200,https://www.beerkeyaki.jp/beer/archives/1007/
30,CHORYO Craft Beer,近畿,https://www.beerkeyaki.jp/shop/archives/37/,beer,SESSION IPA,限定,,MEGA,"1,000ml",1000,"1,800円",1800,https://www.beerkeyaki.jp/beer/archives/1007/
30,CHORYO Craft Beer,近畿,https://www.beerkeyaki.jp/shop/archives/37/,beer,SESSION IPA,限定,,リユースグラス,275ml,275,800円,800,https://www.beerkeyaki.jp/beer/archives/1007/
30,CHORYO Craft Beer,近畿,https://www.beerkeyaki.jp/shop/archives/37/,beer,SOUR HAZY IPA,,,M,300ml,300,900円,900,https://www.beerkeyaki.jp/beer/archives/1008/
30,CHORYO Craft Beer,近畿,https://www.beerkeyaki.jp/shop/archives/37/,beer,SOUR HAZY IPA,,,L,600ml,600,"1,200円",1200,https://www.beerkeyaki.jp/beer/archives/1008/
30,CHORYO Craft Beer,近畿,https://www.beerkeyaki.jp/shop/archives/37/,beer,SOUR HAZY IPA,,,MEGA,"1,000ml",1000,"1,800円",1800,https://www.beerkeyaki.jp/beer/archives/1008/
30,CHORYO Craft Beer,近畿,https://www.beerkeyaki.jp/shop/archives/37/,beer,SOUR HAZY IPA,,,リユースグラス,275ml,275,800円,800,https://www.beerkeyaki.jp/beer/archives/1008/
30,CHORYO Craft Beer,近畿,https://www.beerkeyaki.jp/shop/archives/37/,beer,NZ PILSNER,,,M,300ml,300,900円,900,https://www.beerkeyaki.jp/beer/archives/1009/
30,CHORYO Craft Beer,近畿,https://www.beerkeyaki.jp/shop/archives/37/,beer,NZ PILSNER,,,L,600ml,600,"1,200円",1200,https://www.beerkeyaki.jp/beer/archives/1009/
30,CHORYO Craft Beer,近畿,https://www.beerkeyaki.jp/shop/archives/37/,beer,NZ PILSNER,,,MEGA,"1,000ml",1000,"1,800円",1800,https://www.beerkeyaki.jp/beer/archives/1009/
30,CHORYO Craft Beer,近畿,https://www.beerkeyaki.jp/shop/archives/37/,beer,NZ PILSNER,,,リユースグラス,275ml,275,800円,800,https://www.beerkeyaki.jp/beer/archives/1009/
30,CHORYO Craft Beer,近畿,https://www.beerkeyaki.jp/shop/archives/37/,beer,HAZY IPA春,限定,,M,300ml,300,900円,900,https://www.beerkeyaki.jp/beer/archives/847/
30,CHORYO Craft Beer,近畿,https://www.beerkeyaki.jp/shop/archives/37/,beer,HAZY IPA春,限定,,L,600ml,600,"1,200円",1200,https://www.beerkeyaki.jp/beer/archives/847/
30,CHORYO Craft Beer,近畿,https://www.beerkeyaki.jp/shop/archives/37/,beer,HAZY IPA春,限定,,MEGA,"1,000ml",1000,"1,800円",1800,https://www.beerkeyaki.jp/beer/archives/847/
30,CHORYO Craft Beer,近畿,https://www.beerkeyaki.jp/shop/archives/37/,beer,HAZY IPA春,限定,,リユースグラス,275ml,275,800円,800,https://www.beerkeyaki.jp/beer/archives/847/
30,CHORYO Craft Beer,近畿,https://www.beerkeyaki.jp/shop/archives/37/,beer,HAZY IPA夏,限定,,M,300ml,300,900円,900,https://www.beerkeyaki.jp/beer/archives/1010/
30,CHORYO Craft Beer,近畿,https://www.beerkeyaki.jp/shop/archives/37/,beer,HAZY IPA夏,限定,,L,600ml,600,"1,200円",1200,https://www.beerkeyaki.jp/beer/archives/1010/
30,CHORYO Craft Beer,近畿,https://www.beerkeyaki.jp/shop/archives/37/,beer,HAZY IPA夏,限定,,MEGA,"1,000ml",1000,"1,800円",1800,https://www.beerkeyaki.jp/beer/archives/1010/
30,CHORYO Craft Beer,近畿,https://www.beerkeyaki.jp/shop/archives/37/,beer,HAZY IPA夏,限定,,リユースグラス,275ml,275,800円,800,https://www.beerkeyaki.jp/beer/archives/1010/
30,CHORYO Craft Beer,近畿,https://www.beerkeyaki.jp/shop/archives/37/,beer,SMOOTH DARK LAGER,限定,,M,300ml,300,900円,900,https://www.beerkeyaki.jp/beer/archives/1011/
30,CHORYO Craft Beer,近畿,https://www.beerkeyaki.jp/shop/archives/37/,beer,SMOOTH DARK LAGER,限定,,L,600ml,600,"1,200円",1200,https://www.beerkeyaki.jp/beer/archives/1011/
30,CHORYO Craft Beer,近畿,https://www.beerkeyaki.jp/shop/archives/37/,beer,SMOOTH DARK LAGER,限定,,MEGA,"1,000ml",1000,"1,800円",1800,https://www.beerkeyaki.jp/beer/archives/1011/
30,CHORYO Craft Beer,近畿,https://www.beerkeyaki.jp/shop/archives/37/,beer,SMOOTH DARK LAGER,限定,,リユースグラス,275ml,275,800円,800,https://www.beerkeyaki.jp/beer/archives/1011/
31,Brasserie Knot,北海道,https://www.beerkeyaki.jp/shop/archives/48/,set,4種飲み比べセット,,お好きなビールからお選びいただける当店おすすめビールの飲み比べです。,,,,"2,000円",2000,
31,Brasserie Knot,北海道,https://www.beerkeyaki.jp/shop/archives/48/,beer,NoMaps'26,おすすめ / 限定,,レギュラー,340ml,340,800円,800,https://www.beerkeyaki.jp/beer/archives/1041/
31,Brasserie Knot,北海道,https://www.beerkeyaki.jp/shop/archives/48/,beer,NoMaps'26,おすすめ / 限定,,リユースグラス,275ml,275,700円,700,https://www.beerkeyaki.jp/beer/archives/1041/
31,Brasserie Knot,北海道,https://www.beerkeyaki.jp/shop/archives/48/,beer,FLOWER,,,レギュラー,340ml,340,800円,800,https://www.beerkeyaki.jp/beer/archives/894/
31,Brasserie Knot,北海道,https://www.beerkeyaki.jp/shop/archives/48/,beer,FLOWER,,,リユースグラス,275ml,275,700円,700,https://www.beerkeyaki.jp/beer/archives/894/
31,Brasserie Knot,北海道,https://www.beerkeyaki.jp/shop/archives/48/,beer,BIRD,,,レギュラー,340ml,340,800円,800,https://www.beerkeyaki.jp/beer/archives/89/
31,Brasserie Knot,北海道,https://www.beerkeyaki.jp/shop/archives/48/,beer,BIRD,,,リユースグラス,275ml,275,700円,700,https://www.beerkeyaki.jp/beer/archives/89/
31,Brasserie Knot,北海道,https://www.beerkeyaki.jp/shop/archives/48/,beer,WIND,,,レギュラー,340ml,340,800円,800,https://www.beerkeyaki.jp/beer/archives/90/
31,Brasserie Knot,北海道,https://www.beerkeyaki.jp/shop/archives/48/,beer,WIND,,,リユースグラス,275ml,275,700円,700,https://www.beerkeyaki.jp/beer/archives/90/
31,Brasserie Knot,北海道,https://www.beerkeyaki.jp/shop/archives/48/,beer,MOON,,,レギュラー,340ml,340,800円,800,https://www.beerkeyaki.jp/beer/archives/91/
31,Brasserie Knot,北海道,https://www.beerkeyaki.jp/shop/archives/48/,beer,MOON,,,リユースグラス,275ml,275,700円,700,https://www.beerkeyaki.jp/beer/archives/91/
31,Brasserie Knot,北海道,https://www.beerkeyaki.jp/shop/archives/48/,beer,AWA,限定,,レギュラー,340ml,340,800円,800,https://www.beerkeyaki.jp/beer/archives/1042/
31,Brasserie Knot,北海道,https://www.beerkeyaki.jp/shop/archives/48/,beer,AWA,限定,,リユースグラス,275ml,275,700円,700,https://www.beerkeyaki.jp/beer/archives/1042/
31,Brasserie Knot,北海道,https://www.beerkeyaki.jp/shop/archives/48/,beer,RIVER,限定,,レギュラー,340ml,340,800円,800,https://www.beerkeyaki.jp/beer/archives/572/
31,Brasserie Knot,北海道,https://www.beerkeyaki.jp/shop/archives/48/,beer,RIVER,限定,,リユースグラス,275ml,275,700円,700,https://www.beerkeyaki.jp/beer/archives/572/
31,Brasserie Knot,北海道,https://www.beerkeyaki.jp/shop/archives/48/,beer,MOSETSURI,限定,,レギュラー,340ml,340,800円,800,https://www.beerkeyaki.jp/beer/archives/1043/
31,Brasserie Knot,北海道,https://www.beerkeyaki.jp/shop/archives/48/,beer,MOSETSURI,限定,,リユースグラス,275ml,275,700円,700,https://www.beerkeyaki.jp/beer/archives/1043/
31,Brasserie Knot,北海道,https://www.beerkeyaki.jp/shop/archives/48/,beer,NORA,限定,,レギュラー,340ml,340,800円,800,https://www.beerkeyaki.jp/beer/archives/768/
31,Brasserie Knot,北海道,https://www.beerkeyaki.jp/shop/archives/48/,beer,NORA,限定,,リユースグラス,275ml,275,700円,700,https://www.beerkeyaki.jp/beer/archives/768/
32,スモーク・クラフト,関東,https://www.beerkeyaki.jp/shop/archives/65/,set,スモークビール4種飲み比べセット,,驚き！　全て燻製したビール！,,,,"1,800円",1800,
32,スモーク・クラフト,関東,https://www.beerkeyaki.jp/shop/archives/65/,beer,ソラ,おすすめ,,レギュラーサイズ,360ml,360,900円,900,https://www.beerkeyaki.jp/beer/archives/211/
32,スモーク・クラフト,関東,https://www.beerkeyaki.jp/shop/archives/65/,beer,ソラ,おすすめ,,リユースグラス,275ml,275,800円,800,https://www.beerkeyaki.jp/beer/archives/211/
32,スモーク・クラフト,関東,https://www.beerkeyaki.jp/shop/archives/65/,beer,ファラオ,おすすめ,,レギュラーサイズ,360ml,360,900円,900,https://www.beerkeyaki.jp/beer/archives/209/
32,スモーク・クラフト,関東,https://www.beerkeyaki.jp/shop/archives/65/,beer,スモーク・レモン,,,レギュラーサイズ,360ml,360,900円,900,https://www.beerkeyaki.jp/beer/archives/210/
32,スモーク・クラフト,関東,https://www.beerkeyaki.jp/shop/archives/65/,beer,スモーク・レモン,,,リユースグラス,275ml,275,800円,800,https://www.beerkeyaki.jp/beer/archives/210/
32,スモーク・クラフト,関東,https://www.beerkeyaki.jp/shop/archives/65/,beer,スモーキン,,,レギュラーサイズ,360ml,360,900円,900,https://www.beerkeyaki.jp/beer/archives/212/
32,スモーク・クラフト,関東,https://www.beerkeyaki.jp/shop/archives/65/,beer,スモーキン,,,リユースグラス,275ml,275,800円,800,https://www.beerkeyaki.jp/beer/archives/212/
32,スモーク・クラフト,関東,https://www.beerkeyaki.jp/shop/archives/65/,beer,ラプサン,,,レギュラーサイズ,360ml,360,"1,000円",1000,https://www.beerkeyaki.jp/beer/archives/214/
32,スモーク・クラフト,関東,https://www.beerkeyaki.jp/shop/archives/65/,beer,ラプサン,,,リユースグラス,275ml,275,900円,900,https://www.beerkeyaki.jp/beer/archives/214/
32,スモーク・クラフト,関東,https://www.beerkeyaki.jp/shop/archives/65/,beer,オフピート,おすすめ,,レギュラーサイズ,360ml,360,"1,000円",1000,https://www.beerkeyaki.jp/beer/archives/528/
32,スモーク・クラフト,関東,https://www.beerkeyaki.jp/shop/archives/65/,beer,オフピート,おすすめ,,リユースグラス,275ml,275,900円,900,https://www.beerkeyaki.jp/beer/archives/528/
32,スモーク・クラフト,関東,https://www.beerkeyaki.jp/shop/archives/65/,beer,梅干しスモーキン,,,レギュラーサイズ,360ml,360,"1,000円",1000,https://www.beerkeyaki.jp/beer/archives/215/
32,スモーク・クラフト,関東,https://www.beerkeyaki.jp/shop/archives/65/,beer,梅干しスモーキン,,,リユースグラス,275ml,275,900円,900,https://www.beerkeyaki.jp/beer/archives/215/
33,妻有ビール,北陸・甲信越,https://www.beerkeyaki.jp/shop/archives/115/,set,ミニ４種 飲み比べセット,,提供メニューの中から４種お選びいただけます！トレイの返却で100円バック！,,,,"1,700円",1700,
33,妻有ビール,北陸・甲信越,https://www.beerkeyaki.jp/shop/archives/115/,beer,なでしこIPAその八　けやき編,おすすめ,,ミニ,150ml,150,450円,450,https://www.beerkeyaki.jp/beer/archives/827/
33,妻有ビール,北陸・甲信越,https://www.beerkeyaki.jp/shop/archives/115/,beer,なでしこIPAその八　けやき編,おすすめ,,ハーフ,300ml,300,800円,800,https://www.beerkeyaki.jp/beer/archives/827/
33,妻有ビール,北陸・甲信越,https://www.beerkeyaki.jp/shop/archives/115/,beer,なでしこIPAその八　けやき編,おすすめ,,パイント,500ml,500,"1,200円",1200,https://www.beerkeyaki.jp/beer/archives/827/
33,妻有ビール,北陸・甲信越,https://www.beerkeyaki.jp/shop/archives/115/,beer,なでしこIPAその八　けやき編,おすすめ,,リユースグラス,275ml,275,700円,700,https://www.beerkeyaki.jp/beer/archives/827/
33,妻有ビール,北陸・甲信越,https://www.beerkeyaki.jp/shop/archives/115/,beer,豪雪ペールエール,,,ミニ,150ml,150,450円,450,https://www.beerkeyaki.jp/beer/archives/828/
33,妻有ビール,北陸・甲信越,https://www.beerkeyaki.jp/shop/archives/115/,beer,豪雪ペールエール,,,ハーフ,300ml,300,800円,800,https://www.beerkeyaki.jp/beer/archives/828/
33,妻有ビール,北陸・甲信越,https://www.beerkeyaki.jp/shop/archives/115/,beer,豪雪ペールエール,,,パイント,500ml,500,"1,200円",1200,https://www.beerkeyaki.jp/beer/archives/828/
33,妻有ビール,北陸・甲信越,https://www.beerkeyaki.jp/shop/archives/115/,beer,豪雪ペールエール,,,リユースグラス,275ml,275,700円,700,https://www.beerkeyaki.jp/beer/archives/828/
33,妻有ビール,北陸・甲信越,https://www.beerkeyaki.jp/shop/archives/115/,beer,めでたしゴールデンエール,,,ミニ,150ml,150,450円,450,https://www.beerkeyaki.jp/beer/archives/829/
33,妻有ビール,北陸・甲信越,https://www.beerkeyaki.jp/shop/archives/115/,beer,めでたしゴールデンエール,,,ハーフ,300ml,300,800円,800,https://www.beerkeyaki.jp/beer/archives/829/
33,妻有ビール,北陸・甲信越,https://www.beerkeyaki.jp/shop/archives/115/,beer,めでたしゴールデンエール,,,パイント,500ml,500,"1,200円",1200,https://www.beerkeyaki.jp/beer/archives/829/
33,妻有ビール,北陸・甲信越,https://www.beerkeyaki.jp/shop/archives/115/,beer,めでたしゴールデンエール,,,リユースグラス,275ml,275,700円,700,https://www.beerkeyaki.jp/beer/archives/829/
33,妻有ビール,北陸・甲信越,https://www.beerkeyaki.jp/shop/archives/115/,beer,十日町そばエール,,,ミニ,150ml,150,450円,450,https://www.beerkeyaki.jp/beer/archives/830/
33,妻有ビール,北陸・甲信越,https://www.beerkeyaki.jp/shop/archives/115/,beer,十日町そばエール,,,ハーフ,300ml,300,800円,800,https://www.beerkeyaki.jp/beer/archives/830/
33,妻有ビール,北陸・甲信越,https://www.beerkeyaki.jp/shop/archives/115/,beer,十日町そばエール,,,パイント,500ml,500,"1,200円",1200,https://www.beerkeyaki.jp/beer/archives/830/
33,妻有ビール,北陸・甲信越,https://www.beerkeyaki.jp/shop/archives/115/,beer,十日町そばエール,,,リユースグラス,275ml,275,700円,700,https://www.beerkeyaki.jp/beer/archives/830/
33,妻有ビール,北陸・甲信越,https://www.beerkeyaki.jp/shop/archives/115/,beer,妻有の霞,,,ミニ,150ml,150,450円,450,https://www.beerkeyaki.jp/beer/archives/977/
33,妻有ビール,北陸・甲信越,https://www.beerkeyaki.jp/shop/archives/115/,beer,妻有の霞,,,ハーフ,300ml,300,800円,800,https://www.beerkeyaki.jp/beer/archives/977/
33,妻有ビール,北陸・甲信越,https://www.beerkeyaki.jp/shop/archives/115/,beer,妻有の霞,,,パイント,500ml,500,"1,200円",1200,https://www.beerkeyaki.jp/beer/archives/977/
33,妻有ビール,北陸・甲信越,https://www.beerkeyaki.jp/shop/archives/115/,beer,妻有の霞,,,リユースグラス,275ml,275,700円,700,https://www.beerkeyaki.jp/beer/archives/977/
33,妻有ビール,北陸・甲信越,https://www.beerkeyaki.jp/shop/archives/115/,beer,飛渡（とびたり）麹セゾンよしたよした,,,ミニ,150ml,150,450円,450,https://www.beerkeyaki.jp/beer/archives/832/
33,妻有ビール,北陸・甲信越,https://www.beerkeyaki.jp/shop/archives/115/,beer,飛渡（とびたり）麹セゾンよしたよした,,,ハーフ,300ml,300,800円,800,https://www.beerkeyaki.jp/beer/archives/832/
33,妻有ビール,北陸・甲信越,https://www.beerkeyaki.jp/shop/archives/115/,beer,飛渡（とびたり）麹セゾンよしたよした,,,パイント,500ml,500,"1,200円",1200,https://www.beerkeyaki.jp/beer/archives/832/
33,妻有ビール,北陸・甲信越,https://www.beerkeyaki.jp/shop/archives/115/,beer,飛渡（とびたり）麹セゾンよしたよした,,,リユースグラス,275ml,275,700円,700,https://www.beerkeyaki.jp/beer/archives/832/
33,妻有ビール,北陸・甲信越,https://www.beerkeyaki.jp/shop/archives/115/,beer,松乃井酒粕セゾン,,,ミニ,150ml,150,450円,450,https://www.beerkeyaki.jp/beer/archives/978/
33,妻有ビール,北陸・甲信越,https://www.beerkeyaki.jp/shop/archives/115/,beer,松乃井酒粕セゾン,,,ハーフ,300ml,300,800円,800,https://www.beerkeyaki.jp/beer/archives/978/
33,妻有ビール,北陸・甲信越,https://www.beerkeyaki.jp/shop/archives/115/,beer,松乃井酒粕セゾン,,,パイント,500ml,500,"1,200円",1200,https://www.beerkeyaki.jp/beer/archives/978/
33,妻有ビール,北陸・甲信越,https://www.beerkeyaki.jp/shop/archives/115/,beer,松乃井酒粕セゾン,,,リユースグラス,275ml,275,700円,700,https://www.beerkeyaki.jp/beer/archives/978/
33,妻有ビール,北陸・甲信越,https://www.beerkeyaki.jp/shop/archives/115/,beer,梅の園,,,ミニ,150ml,150,450円,450,https://www.beerkeyaki.jp/beer/archives/979/
33,妻有ビール,北陸・甲信越,https://www.beerkeyaki.jp/shop/archives/115/,beer,梅の園,,,ハーフ,300ml,300,800円,800,https://www.beerkeyaki.jp/beer/archives/979/
33,妻有ビール,北陸・甲信越,https://www.beerkeyaki.jp/shop/archives/115/,beer,梅の園,,,パイント,500ml,500,"1,200円",1200,https://www.beerkeyaki.jp/beer/archives/979/
33,妻有ビール,北陸・甲信越,https://www.beerkeyaki.jp/shop/archives/115/,beer,梅の園,,,リユースグラス,275ml,275,700円,700,https://www.beerkeyaki.jp/beer/archives/979/
33,妻有ビール,北陸・甲信越,https://www.beerkeyaki.jp/shop/archives/115/,beer,山椒とレモンのゴールデンエール,,,ミニ,150ml,150,450円,450,https://www.beerkeyaki.jp/beer/archives/980/
33,妻有ビール,北陸・甲信越,https://www.beerkeyaki.jp/shop/archives/115/,beer,山椒とレモンのゴールデンエール,,,ハーフ,300ml,300,800円,800,https://www.beerkeyaki.jp/beer/archives/980/
33,妻有ビール,北陸・甲信越,https://www.beerkeyaki.jp/shop/archives/115/,beer,山椒とレモンのゴールデンエール,,,パイント,500ml,500,"1,200円",1200,https://www.beerkeyaki.jp/beer/archives/980/
33,妻有ビール,北陸・甲信越,https://www.beerkeyaki.jp/shop/archives/115/,beer,山椒とレモンのゴールデンエール,,,リユースグラス,275ml,275,700円,700,https://www.beerkeyaki.jp/beer/archives/980/
33,妻有ビール,北陸・甲信越,https://www.beerkeyaki.jp/shop/archives/115/,beer,村上和紅茶のイングリッシュビター,,,ミニ,150ml,150,450円,450,https://www.beerkeyaki.jp/beer/archives/981/
33,妻有ビール,北陸・甲信越,https://www.beerkeyaki.jp/shop/archives/115/,beer,村上和紅茶のイングリッシュビター,,,ハーフ,300ml,300,800円,800,https://www.beerkeyaki.jp/beer/archives/981/
33,妻有ビール,北陸・甲信越,https://www.beerkeyaki.jp/shop/archives/115/,beer,村上和紅茶のイングリッシュビター,,,パイント,500ml,500,"1,200円",1200,https://www.beerkeyaki.jp/beer/archives/981/
33,妻有ビール,北陸・甲信越,https://www.beerkeyaki.jp/shop/archives/115/,beer,村上和紅茶のイングリッシュビター,,,リユースグラス,275ml,275,700円,700,https://www.beerkeyaki.jp/beer/archives/981/
34,OUR BREWING,北陸・甲信越,https://www.beerkeyaki.jp/shop/archives/108/,set,5種飲み比べセット(150mlx5種),,OUR BREWING自慢のビールの飲み比べ。お好きなビールをお選びいただけます。,,,,"2,000円",2000,
34,OUR BREWING,北陸・甲信越,https://www.beerkeyaki.jp/shop/archives/108/,set,2種飲み比べセット(150mlx2種),,OUR BREWING自慢のビールの飲み比べ。お好きなビールをお選びいただけます。,,,,900円,900,
34,OUR BREWING,北陸・甲信越,https://www.beerkeyaki.jp/shop/archives/108/,beer,Keyaki Hazy,おすすめ,,スモール,260ml,260,700円,700,https://www.beerkeyaki.jp/beer/archives/982/
34,OUR BREWING,北陸・甲信越,https://www.beerkeyaki.jp/shop/archives/108/,beer,Keyaki Hazy,おすすめ,,レギュラー,400ml,400,"1,000円",1000,https://www.beerkeyaki.jp/beer/archives/982/
34,OUR BREWING,北陸・甲信越,https://www.beerkeyaki.jp/shop/archives/108/,beer,Keyaki Hazy,おすすめ,,キング,"1,000ml",1000,"2,000円",2000,https://www.beerkeyaki.jp/beer/archives/982/
34,OUR BREWING,北陸・甲信越,https://www.beerkeyaki.jp/shop/archives/108/,beer,Keyaki Hazy,おすすめ,,リユースグラス,275ml,275,700円,700,https://www.beerkeyaki.jp/beer/archives/982/
34,OUR BREWING,北陸・甲信越,https://www.beerkeyaki.jp/shop/archives/108/,beer,Four Dimensions(フォー・ディメンションズ),,,スモール,260ml,260,700円,700,https://www.beerkeyaki.jp/beer/archives/462/
34,OUR BREWING,北陸・甲信越,https://www.beerkeyaki.jp/shop/archives/108/,beer,Four Dimensions(フォー・ディメンションズ),,,レギュラー,400ml,400,"1,000円",1000,https://www.beerkeyaki.jp/beer/archives/462/
34,OUR BREWING,北陸・甲信越,https://www.beerkeyaki.jp/shop/archives/108/,beer,Four Dimensions(フォー・ディメンションズ),,,キング,"1,000ml",1000,"2,000円",2000,https://www.beerkeyaki.jp/beer/archives/462/
34,OUR BREWING,北陸・甲信越,https://www.beerkeyaki.jp/shop/archives/108/,beer,Four Dimensions(フォー・ディメンションズ),,,リユースグラス,275ml,275,700円,700,https://www.beerkeyaki.jp/beer/archives/462/
34,OUR BREWING,北陸・甲信越,https://www.beerkeyaki.jp/shop/archives/108/,beer,Hoppy Hour (ホッピー・アワー),おすすめ,,スモール,260ml,260,700円,700,https://www.beerkeyaki.jp/beer/archives/461/
34,OUR BREWING,北陸・甲信越,https://www.beerkeyaki.jp/shop/archives/108/,beer,Hoppy Hour (ホッピー・アワー),おすすめ,,レギュラー,400ml,400,"1,000円",1000,https://www.beerkeyaki.jp/beer/archives/461/
34,OUR BREWING,北陸・甲信越,https://www.beerkeyaki.jp/shop/archives/108/,beer,Hoppy Hour (ホッピー・アワー),おすすめ,,キング,"1,000ml",1000,"2,000円",2000,https://www.beerkeyaki.jp/beer/archives/461/
34,OUR BREWING,北陸・甲信越,https://www.beerkeyaki.jp/shop/archives/108/,beer,Hoppy Hour (ホッピー・アワー),おすすめ,,リユースグラス,275ml,275,7円,7,https://www.beerkeyaki.jp/beer/archives/461/
34,OUR BREWING,北陸・甲信越,https://www.beerkeyaki.jp/shop/archives/108/,beer,Magic Flavour(マジック・フレーバー),,,スモール,260ml,260,700円,700,https://www.beerkeyaki.jp/beer/archives/463/
34,OUR BREWING,北陸・甲信越,https://www.beerkeyaki.jp/shop/archives/108/,beer,Magic Flavour(マジック・フレーバー),,,レギュラー,400ml,400,"1,000円",1000,https://www.beerkeyaki.jp/beer/archives/463/
34,OUR BREWING,北陸・甲信越,https://www.beerkeyaki.jp/shop/archives/108/,beer,Magic Flavour(マジック・フレーバー),,,キング,"1,000ml",1000,"2,000円",2000,https://www.beerkeyaki.jp/beer/archives/463/
34,OUR BREWING,北陸・甲信越,https://www.beerkeyaki.jp/shop/archives/108/,beer,Magic Flavour(マジック・フレーバー),,,リユースグラス,275ml,275,700円,700,https://www.beerkeyaki.jp/beer/archives/463/
35,牛久醸造場,関東,https://www.beerkeyaki.jp/shop/archives/53/,set,自由に選べる！4種飲み比べセット,,"ビールだけじゃない！ワイン・ジュースなど全種類の中からお好きな4種を選べる！
アルコールが苦手な方もOK。",,,,"1,500円",1500,
35,牛久醸造場,関東,https://www.beerkeyaki.jp/shop/archives/53/,set,自由に選べる！5種飲み比べセット,,"ビールだけじゃない！ワイン・ジュースなど全種類の中からお好きな5種を選べる！
アルコールが苦手な方もOK。",,,,"1,800円",1800,
35,牛久醸造場,関東,https://www.beerkeyaki.jp/shop/archives/53/,set,自由に選べる！6種飲み比べセット,,"ビールだけじゃない！ワイン・ジュースなど全種類の中からお好きな6種を選べる！
アルコールが苦手な方もOK。",,,,"2,000円",2000,
35,牛久醸造場,関東,https://www.beerkeyaki.jp/shop/archives/53/,beer,Keyaki Twilight Avenue,,,レギュラー,350ml,350,800円,800,https://www.beerkeyaki.jp/beer/archives/1072/
35,牛久醸造場,関東,https://www.beerkeyaki.jp/shop/archives/53/,beer,Keyaki Twilight Avenue,,,ビッグ,500ml,500,"1,100円",1100,https://www.beerkeyaki.jp/beer/archives/1072/
35,牛久醸造場,関東,https://www.beerkeyaki.jp/shop/archives/53/,beer,Keyaki Twilight Avenue,,,メガビッグ,720ml,720,"1,400円",1400,https://www.beerkeyaki.jp/beer/archives/1072/
35,牛久醸造場,関東,https://www.beerkeyaki.jp/shop/archives/53/,beer,Keyaki Twilight Avenue,,,リユースグラス,275ml,275,700円,700,https://www.beerkeyaki.jp/beer/archives/1072/
35,牛久醸造場,関東,https://www.beerkeyaki.jp/shop/archives/53/,beer,Wandervogel IPA　ワンダーフォーゲルIPA,おすすめ,,レギュラー,350ml,350,800円,800,https://www.beerkeyaki.jp/beer/archives/173/
35,牛久醸造場,関東,https://www.beerkeyaki.jp/shop/archives/53/,beer,Wandervogel IPA　ワンダーフォーゲルIPA,おすすめ,,ビッグ,500ml,500,"1,100円",1100,https://www.beerkeyaki.jp/beer/archives/173/
35,牛久醸造場,関東,https://www.beerkeyaki.jp/shop/archives/53/,beer,Wandervogel IPA　ワンダーフォーゲルIPA,おすすめ,,メガビッグ,720ml,720,"1,400円",1400,https://www.beerkeyaki.jp/beer/archives/173/
35,牛久醸造場,関東,https://www.beerkeyaki.jp/shop/archives/53/,beer,Wandervogel IPA　ワンダーフォーゲルIPA,おすすめ,,リユースグラス,275ml,275,700円,700,https://www.beerkeyaki.jp/beer/archives/173/
35,牛久醸造場,関東,https://www.beerkeyaki.jp/shop/archives/53/,beer,笑ふ門には福来る,,,レギュラー,350ml,350,800円,800,https://www.beerkeyaki.jp/beer/archives/174/
35,牛久醸造場,関東,https://www.beerkeyaki.jp/shop/archives/53/,beer,笑ふ門には福来る,,,ビッグ,500ml,500,"1,100円",1100,https://www.beerkeyaki.jp/beer/archives/174/
35,牛久醸造場,関東,https://www.beerkeyaki.jp/shop/archives/53/,beer,笑ふ門には福来る,,,メガビッグ,720ml,720,"1,400円",1400,https://www.beerkeyaki.jp/beer/archives/174/
35,牛久醸造場,関東,https://www.beerkeyaki.jp/shop/archives/53/,beer,笑ふ門には福来る,,,リユースグラス,275ml,275,700円,700,https://www.beerkeyaki.jp/beer/archives/174/
35,牛久醸造場,関東,https://www.beerkeyaki.jp/shop/archives/53/,beer,Beyond　the　border　ビヨンド ザ ボーダー,,,レギュラー,350ml,350,800円,800,https://www.beerkeyaki.jp/beer/archives/176/
35,牛久醸造場,関東,https://www.beerkeyaki.jp/shop/archives/53/,beer,Beyond　the　border　ビヨンド ザ ボーダー,,,ビッグ,500ml,500,"1,100円",1100,https://www.beerkeyaki.jp/beer/archives/176/
35,牛久醸造場,関東,https://www.beerkeyaki.jp/shop/archives/53/,beer,Beyond　the　border　ビヨンド ザ ボーダー,,,メガビッグ,720ml,720,"1,400円",1400,https://www.beerkeyaki.jp/beer/archives/176/
35,牛久醸造場,関東,https://www.beerkeyaki.jp/shop/archives/53/,beer,Beyond　the　border　ビヨンド ザ ボーダー,,,リユースグラス,275ml,275,700円,700,https://www.beerkeyaki.jp/beer/archives/176/
35,牛久醸造場,関東,https://www.beerkeyaki.jp/shop/archives/53/,beer,Cranberry Dream　クランベリードリーム,,,レギュラー,350ml,350,800円,800,https://www.beerkeyaki.jp/beer/archives/175/
35,牛久醸造場,関東,https://www.beerkeyaki.jp/shop/archives/53/,beer,Cranberry Dream　クランベリードリーム,,,ビッグ,500ml,500,"1,100円",1100,https://www.beerkeyaki.jp/beer/archives/175/
35,牛久醸造場,関東,https://www.beerkeyaki.jp/shop/archives/53/,beer,Cranberry Dream　クランベリードリーム,,,メガビッグ,720ml,720,"1,400円",1400,https://www.beerkeyaki.jp/beer/archives/175/
35,牛久醸造場,関東,https://www.beerkeyaki.jp/shop/archives/53/,beer,Cranberry Dream　クランベリードリーム,,,リユースグラス,275ml,275,700円,700,https://www.beerkeyaki.jp/beer/archives/175/
35,牛久醸造場,関東,https://www.beerkeyaki.jp/shop/archives/53/,beer,くろネコのタンゴ,,,レギュラー,350ml,350,800円,800,https://www.beerkeyaki.jp/beer/archives/700/
35,牛久醸造場,関東,https://www.beerkeyaki.jp/shop/archives/53/,beer,くろネコのタンゴ,,,ビッグ,500ml,500,"1,100円",1100,https://www.beerkeyaki.jp/beer/archives/700/
35,牛久醸造場,関東,https://www.beerkeyaki.jp/shop/archives/53/,beer,くろネコのタンゴ,,,ビッグ,720ml,720,"1,400円",1400,https://www.beerkeyaki.jp/beer/archives/700/
35,牛久醸造場,関東,https://www.beerkeyaki.jp/shop/archives/53/,beer,くろネコのタンゴ,,,リユースグラス,275ml,275,700円,700,https://www.beerkeyaki.jp/beer/archives/700/
35,牛久醸造場,関東,https://www.beerkeyaki.jp/shop/archives/53/,beer,Wander Ross　ワンダーロス,,,レギュラー,350ml,350,800円,800,https://www.beerkeyaki.jp/beer/archives/1073/
35,牛久醸造場,関東,https://www.beerkeyaki.jp/shop/archives/53/,beer,Wander Ross　ワンダーロス,,,ビッグ,500ml,500,"1,100円",1100,https://www.beerkeyaki.jp/beer/archives/1073/
35,牛久醸造場,関東,https://www.beerkeyaki.jp/shop/archives/53/,beer,Wander Ross　ワンダーロス,,,メガビッグ,720ml,720,"1,400円",1400,https://www.beerkeyaki.jp/beer/archives/1073/
35,牛久醸造場,関東,https://www.beerkeyaki.jp/shop/archives/53/,beer,Wander Ross　ワンダーロス,,,リユースグラス,275ml,275,700円,700,https://www.beerkeyaki.jp/beer/archives/1073/
36,忽布古丹醸造,北海道,https://www.beerkeyaki.jp/shop/archives/39/,set,4種のみくらべセット,,お好きなビール4種類を選んでのみくらべができるセットです！,,,,"1,900円",1900,
36,忽布古丹醸造,北海道,https://www.beerkeyaki.jp/shop/archives/39/,beer,富良野メロンHazyIPA　【ikor -イコロ-】,おすすめ,,Regular,360ml,360,900円,900,https://www.beerkeyaki.jp/beer/archives/1048/
36,忽布古丹醸造,北海道,https://www.beerkeyaki.jp/shop/archives/39/,beer,富良野メロンHazyIPA　【ikor -イコロ-】,おすすめ,,Big,530ml,530,"1,200円",1200,https://www.beerkeyaki.jp/beer/archives/1048/
36,忽布古丹醸造,北海道,https://www.beerkeyaki.jp/shop/archives/39/,beer,富良野メロンHazyIPA　【ikor -イコロ-】,おすすめ,,リユースグラス,275ml,275,800円,800,https://www.beerkeyaki.jp/beer/archives/1048/
36,忽布古丹醸造,北海道,https://www.beerkeyaki.jp/shop/archives/39/,beer,upopo-ウポポ-,,,Regular,360ml,360,800円,800,https://www.beerkeyaki.jp/beer/archives/104/
36,忽布古丹醸造,北海道,https://www.beerkeyaki.jp/shop/archives/39/,beer,upopo-ウポポ-,,,Big,530ml,530,"1,100円",1100,https://www.beerkeyaki.jp/beer/archives/104/
36,忽布古丹醸造,北海道,https://www.beerkeyaki.jp/shop/archives/39/,beer,upopo-ウポポ-,,,リユースグラス,275ml,275,700円,700,https://www.beerkeyaki.jp/beer/archives/104/
36,忽布古丹醸造,北海道,https://www.beerkeyaki.jp/shop/archives/39/,beer,nonno-ノンノ-,,,Regular,360ml,360,800円,800,https://www.beerkeyaki.jp/beer/archives/105/
36,忽布古丹醸造,北海道,https://www.beerkeyaki.jp/shop/archives/39/,beer,nonno-ノンノ-,,,Big,530ml,530,"1,100円",1100,https://www.beerkeyaki.jp/beer/archives/105/
36,忽布古丹醸造,北海道,https://www.beerkeyaki.jp/shop/archives/39/,beer,nonno-ノンノ-,,,リユースグラス,275ml,275,700円,700,https://www.beerkeyaki.jp/beer/archives/105/
36,忽布古丹醸造,北海道,https://www.beerkeyaki.jp/shop/archives/39/,beer,haskap-ハシカプ-,,,Regular,360ml,360,800円,800,https://www.beerkeyaki.jp/beer/archives/106/
36,忽布古丹醸造,北海道,https://www.beerkeyaki.jp/shop/archives/39/,beer,haskap-ハシカプ-,,,Big,530ml,530,"1,100円",1100,https://www.beerkeyaki.jp/beer/archives/106/
36,忽布古丹醸造,北海道,https://www.beerkeyaki.jp/shop/archives/39/,beer,haskap-ハシカプ-,,,リユースグラス,275ml,275,700円,700,https://www.beerkeyaki.jp/beer/archives/106/
36,忽布古丹醸造,北海道,https://www.beerkeyaki.jp/shop/archives/39/,beer,kunne-クンネ-,,,Regular,360ml,360,800円,800,https://www.beerkeyaki.jp/beer/archives/771/
36,忽布古丹醸造,北海道,https://www.beerkeyaki.jp/shop/archives/39/,beer,kunne-クンネ-,,,Big,530ml,530,"1,100円",1100,https://www.beerkeyaki.jp/beer/archives/771/
36,忽布古丹醸造,北海道,https://www.beerkeyaki.jp/shop/archives/39/,beer,kunne-クンネ-,,,リユースグラス,275ml,275,700円,700,https://www.beerkeyaki.jp/beer/archives/771/
36,忽布古丹醸造,北海道,https://www.beerkeyaki.jp/shop/archives/39/,beer,epitta -エピッタ- 2026,,,Regular,360ml,360,900円,900,https://www.beerkeyaki.jp/beer/archives/1049/
36,忽布古丹醸造,北海道,https://www.beerkeyaki.jp/shop/archives/39/,beer,epitta -エピッタ- 2026,,,Big,530ml,530,"1,200円",1200,https://www.beerkeyaki.jp/beer/archives/1049/
36,忽布古丹醸造,北海道,https://www.beerkeyaki.jp/shop/archives/39/,beer,epitta -エピッタ- 2026,,,リユースグラス,275ml,275,800円,800,https://www.beerkeyaki.jp/beer/archives/1049/
36,忽布古丹醸造,北海道,https://www.beerkeyaki.jp/shop/archives/39/,beer,異邦,,,Regular,360ml,360,800円,800,https://www.beerkeyaki.jp/beer/archives/1050/
36,忽布古丹醸造,北海道,https://www.beerkeyaki.jp/shop/archives/39/,beer,異邦,,,Bog,530ml,530,"1,100円",1100,https://www.beerkeyaki.jp/beer/archives/1050/
36,忽布古丹醸造,北海道,https://www.beerkeyaki.jp/shop/archives/39/,beer,異邦,,,リユースグラス,275ml,275,700円,700,https://www.beerkeyaki.jp/beer/archives/1050/
36,忽布古丹醸造,北海道,https://www.beerkeyaki.jp/shop/archives/39/,beer,Night Walker,,,Regular,360ml,360,800円,800,https://www.beerkeyaki.jp/beer/archives/1051/
36,忽布古丹醸造,北海道,https://www.beerkeyaki.jp/shop/archives/39/,beer,Night Walker,,,Big,530ml,530,"1,100円",1100,https://www.beerkeyaki.jp/beer/archives/1051/
36,忽布古丹醸造,北海道,https://www.beerkeyaki.jp/shop/archives/39/,beer,Night Walker,,,リユースグラス,275ml,275,700円,700,https://www.beerkeyaki.jp/beer/archives/1051/
36,忽布古丹醸造,北海道,https://www.beerkeyaki.jp/shop/archives/39/,beer,Ongoing,,,Regular,360ml,360,800円,800,https://www.beerkeyaki.jp/beer/archives/1052/
36,忽布古丹醸造,北海道,https://www.beerkeyaki.jp/shop/archives/39/,beer,Ongoing,,,Big,530ml,530,"1,100円",1100,https://www.beerkeyaki.jp/beer/archives/1052/
36,忽布古丹醸造,北海道,https://www.beerkeyaki.jp/shop/archives/39/,beer,Ongoing,,,リユースグラス,275ml,275,700円,700,https://www.beerkeyaki.jp/beer/archives/1052/
36,忽布古丹醸造,北海道,https://www.beerkeyaki.jp/shop/archives/39/,beer,Fiction,,,Regular,360ml,360,800円,800,https://www.beerkeyaki.jp/beer/archives/904/
36,忽布古丹醸造,北海道,https://www.beerkeyaki.jp/shop/archives/39/,beer,Fiction,,,Big,530ml,530,"1,100円",1100,https://www.beerkeyaki.jp/beer/archives/904/
36,忽布古丹醸造,北海道,https://www.beerkeyaki.jp/shop/archives/39/,beer,Fiction,,,リユースグラス,275ml,275,700円,700,https://www.beerkeyaki.jp/beer/archives/904/
36,忽布古丹醸造,北海道,https://www.beerkeyaki.jp/shop/archives/39/,beer,Pollux,,,Regular,360ml,360,800円,800,https://www.beerkeyaki.jp/beer/archives/1053/
36,忽布古丹醸造,北海道,https://www.beerkeyaki.jp/shop/archives/39/,beer,Pollux,,,Big,530ml,530,"1,100円",1100,https://www.beerkeyaki.jp/beer/archives/1053/
36,忽布古丹醸造,北海道,https://www.beerkeyaki.jp/shop/archives/39/,beer,Pollux,,,リユースグラス,275ml,275,700円,700,https://www.beerkeyaki.jp/beer/archives/1053/
36,忽布古丹醸造,北海道,https://www.beerkeyaki.jp/shop/archives/39/,beer,単勝 Mosaic,,,Regular,360ml,360,800円,800,https://www.beerkeyaki.jp/beer/archives/1054/
36,忽布古丹醸造,北海道,https://www.beerkeyaki.jp/shop/archives/39/,beer,単勝 Mosaic,,,Big,530ml,530,"1,100円",1100,https://www.beerkeyaki.jp/beer/archives/1054/
36,忽布古丹醸造,北海道,https://www.beerkeyaki.jp/shop/archives/39/,beer,単勝 Mosaic,,,リユースグラス,275ml,275,700円,700,https://www.beerkeyaki.jp/beer/archives/1054/
36,忽布古丹醸造,北海道,https://www.beerkeyaki.jp/shop/archives/39/,beer,epana -エパナ- #6,,,Regular,360ml,360,800円,800,https://www.beerkeyaki.jp/beer/archives/1055/
36,忽布古丹醸造,北海道,https://www.beerkeyaki.jp/shop/archives/39/,beer,epana -エパナ- #6,,,Big,530ml,530,"1,100円",1100,https://www.beerkeyaki.jp/beer/archives/1055/
36,忽布古丹醸造,北海道,https://www.beerkeyaki.jp/shop/archives/39/,beer,epana -エパナ- #6,,,リユースグラス,275ml,275,700円,700,https://www.beerkeyaki.jp/beer/archives/1055/
36,忽布古丹醸造,北海道,https://www.beerkeyaki.jp/shop/archives/39/,beer,CoCo麦,限定,,Regular,360ml,360,800円,800,https://www.beerkeyaki.jp/beer/archives/907/
36,忽布古丹醸造,北海道,https://www.beerkeyaki.jp/shop/archives/39/,beer,CoCo麦,限定,,Big,530ml,530,"1,100円",1100,https://www.beerkeyaki.jp/beer/archives/907/
36,忽布古丹醸造,北海道,https://www.beerkeyaki.jp/shop/archives/39/,beer,CoCo麦,限定,,リユースグラス,275ml,275,700円,700,https://www.beerkeyaki.jp/beer/archives/907/
36,忽布古丹醸造,北海道,https://www.beerkeyaki.jp/shop/archives/39/,beer,走馬橙,限定,,Regular,360ml,360,800円,800,https://www.beerkeyaki.jp/beer/archives/908/
36,忽布古丹醸造,北海道,https://www.beerkeyaki.jp/shop/archives/39/,beer,走馬橙,限定,,Big,530ml,530,"1,100円",1100,https://www.beerkeyaki.jp/beer/archives/908/
36,忽布古丹醸造,北海道,https://www.beerkeyaki.jp/shop/archives/39/,beer,走馬橙,限定,,リユースグラス,275ml,275,700円,700,https://www.beerkeyaki.jp/beer/archives/908/
36,忽布古丹醸造,北海道,https://www.beerkeyaki.jp/shop/archives/39/,beer,AKIRA ACT,,,Regular,360ml,360,800円,800,https://www.beerkeyaki.jp/beer/archives/909/
36,忽布古丹醸造,北海道,https://www.beerkeyaki.jp/shop/archives/39/,beer,AKIRA ACT,,,Big,530ml,530,"1,100円",1100,https://www.beerkeyaki.jp/beer/archives/909/
36,忽布古丹醸造,北海道,https://www.beerkeyaki.jp/shop/archives/39/,beer,AKIRA ACT,,,リユースグラス,275ml,275,700円,700,https://www.beerkeyaki.jp/beer/archives/909/
36,忽布古丹醸造,北海道,https://www.beerkeyaki.jp/shop/archives/39/,beer,kampoca -カンポチャ-,,,Regular,360ml,360,800円,800,https://www.beerkeyaki.jp/beer/archives/1056/
36,忽布古丹醸造,北海道,https://www.beerkeyaki.jp/shop/archives/39/,beer,kampoca -カンポチャ-,,,Big,530ml,530,"1,100円",1100,https://www.beerkeyaki.jp/beer/archives/1056/
36,忽布古丹醸造,北海道,https://www.beerkeyaki.jp/shop/archives/39/,beer,kampoca -カンポチャ-,,,リユースグラス,275ml,275,700円,700,https://www.beerkeyaki.jp/beer/archives/1056/
36,忽布古丹醸造,北海道,https://www.beerkeyaki.jp/shop/archives/39/,beer,Time Flies,,,Regular,360ml,360,800円,800,https://www.beerkeyaki.jp/beer/archives/1057/
36,忽布古丹醸造,北海道,https://www.beerkeyaki.jp/shop/archives/39/,beer,Time Flies,,,Big,530ml,530,"1,100円",1100,https://www.beerkeyaki.jp/beer/archives/1057/
36,忽布古丹醸造,北海道,https://www.beerkeyaki.jp/shop/archives/39/,beer,Time Flies,,,リユースグラス,275ml,275,700円,700,https://www.beerkeyaki.jp/beer/archives/1057/
36,忽布古丹醸造,北海道,https://www.beerkeyaki.jp/shop/archives/39/,beer,INVERSION,,,Regular,360ml,360,800円,800,https://www.beerkeyaki.jp/beer/archives/1058/
36,忽布古丹醸造,北海道,https://www.beerkeyaki.jp/shop/archives/39/,beer,INVERSION,,,Big,530ml,530,"1,100円",1100,https://www.beerkeyaki.jp/beer/archives/1058/
36,忽布古丹醸造,北海道,https://www.beerkeyaki.jp/shop/archives/39/,beer,INVERSION,,,リユースグラス,275ml,275,700円,700,https://www.beerkeyaki.jp/beer/archives/1058/
36,忽布古丹醸造,北海道,https://www.beerkeyaki.jp/shop/archives/39/,beer,AKIRA囃子,,,Regular,360ml,360,800円,800,https://www.beerkeyaki.jp/beer/archives/1059/
36,忽布古丹醸造,北海道,https://www.beerkeyaki.jp/shop/archives/39/,beer,AKIRA囃子,,,Big,530ml,530,"1,100円",1100,https://www.beerkeyaki.jp/beer/archives/1059/
36,忽布古丹醸造,北海道,https://www.beerkeyaki.jp/shop/archives/39/,beer,AKIRA囃子,,,リユースグラス,275ml,275,700円,700,https://www.beerkeyaki.jp/beer/archives/1059/
37,アンドビール,北陸・甲信越,https://www.beerkeyaki.jp/shop/archives/109/,set,4種飲み比べセット,,当店おすすめビールの飲み比べです,,,,"1,800円",1800,
37,アンドビール,北陸・甲信越,https://www.beerkeyaki.jp/shop/archives/109/,beer,KEYAKI & BEER！,おすすめ / 限定,,Mサイズ,275ml,275,900円,900,https://www.beerkeyaki.jp/beer/archives/983/
37,アンドビール,北陸・甲信越,https://www.beerkeyaki.jp/shop/archives/109/,beer,KEYAKI & BEER！,おすすめ / 限定,,Lサイズ,490ml,490,"1,300円",1300,https://www.beerkeyaki.jp/beer/archives/983/
37,アンドビール,北陸・甲信越,https://www.beerkeyaki.jp/shop/archives/109/,beer,KEYAKI & BEER！,おすすめ / 限定,,リユースグラス,275ml,275,900円,900,https://www.beerkeyaki.jp/beer/archives/983/
37,アンドビール,北陸・甲信越,https://www.beerkeyaki.jp/shop/archives/109/,beer,PEACH,,,Mサイズ,275ml,275,800円,800,https://www.beerkeyaki.jp/beer/archives/884/
37,アンドビール,北陸・甲信越,https://www.beerkeyaki.jp/shop/archives/109/,beer,PEACH,,,Lサイズ,420ml,420,"1,200円",1200,https://www.beerkeyaki.jp/beer/archives/884/
37,アンドビール,北陸・甲信越,https://www.beerkeyaki.jp/shop/archives/109/,beer,PEACH,,,リユースグラス,275ml,275,800円,800,https://www.beerkeyaki.jp/beer/archives/884/
37,アンドビール,北陸・甲信越,https://www.beerkeyaki.jp/shop/archives/109/,beer,HOPS,,,Mサイズ,275ml,275,800円,800,https://www.beerkeyaki.jp/beer/archives/885/
37,アンドビール,北陸・甲信越,https://www.beerkeyaki.jp/shop/archives/109/,beer,HOPS,,,Lサイズ,250ml,250,"1,200円",1200,https://www.beerkeyaki.jp/beer/archives/885/
37,アンドビール,北陸・甲信越,https://www.beerkeyaki.jp/shop/archives/109/,beer,HOPS,,,リユースグラス,275ml,275,800円,800,https://www.beerkeyaki.jp/beer/archives/885/
37,アンドビール,北陸・甲信越,https://www.beerkeyaki.jp/shop/archives/109/,beer,RICE,,,Mサイズ,275ml,275,800円,800,https://www.beerkeyaki.jp/beer/archives/886/
37,アンドビール,北陸・甲信越,https://www.beerkeyaki.jp/shop/archives/109/,beer,RICE,,,Lサイズ,420ml,420,"1,200円",1200,https://www.beerkeyaki.jp/beer/archives/886/
37,アンドビール,北陸・甲信越,https://www.beerkeyaki.jp/shop/archives/109/,beer,RICE,,,リユースグラス,275ml,275,800円,800,https://www.beerkeyaki.jp/beer/archives/886/
38,COEDO BREWERY,関東,https://www.beerkeyaki.jp/shop/archives/57/,set,4種飲み比べセット,,お好きなビールを４種類自由にお選びいただけます。,,,,"1,500円",1500,
38,COEDO BREWERY,関東,https://www.beerkeyaki.jp/shop/archives/57/,beer,SAIBOKU,,,,350ml,350,800円,800,https://www.beerkeyaki.jp/beer/archives/788/
38,COEDO BREWERY,関東,https://www.beerkeyaki.jp/shop/archives/57/,beer,SAIBOKU,,,リユースグラス,275ml,275,700円,700,https://www.beerkeyaki.jp/beer/archives/788/
38,COEDO BREWERY,関東,https://www.beerkeyaki.jp/shop/archives/57/,beer,毬花-Marihana-,,,,350ml,350,700円,700,https://www.beerkeyaki.jp/beer/archives/224/
38,COEDO BREWERY,関東,https://www.beerkeyaki.jp/shop/archives/57/,beer,毬花-Marihana-,,,リユースグラス,275ml,275,600円,600,https://www.beerkeyaki.jp/beer/archives/224/
38,COEDO BREWERY,関東,https://www.beerkeyaki.jp/shop/archives/57/,beer,瑠璃-Ruri-,,,,350ml,350,700円,700,https://www.beerkeyaki.jp/beer/archives/225/
38,COEDO BREWERY,関東,https://www.beerkeyaki.jp/shop/archives/57/,beer,瑠璃-Ruri-,,,リユースグラス,275ml,275,600円,600,https://www.beerkeyaki.jp/beer/archives/225/
38,COEDO BREWERY,関東,https://www.beerkeyaki.jp/shop/archives/57/,beer,伽羅-Kyara-,,,,350ml,350,700円,700,https://www.beerkeyaki.jp/beer/archives/226/
38,COEDO BREWERY,関東,https://www.beerkeyaki.jp/shop/archives/57/,beer,伽羅-Kyara-,,,リユースグラス,275ml,275,600円,600,https://www.beerkeyaki.jp/beer/archives/226/
38,COEDO BREWERY,関東,https://www.beerkeyaki.jp/shop/archives/57/,beer,白-Shiro-,,,,350ml,350,700円,700,https://www.beerkeyaki.jp/beer/archives/227/
38,COEDO BREWERY,関東,https://www.beerkeyaki.jp/shop/archives/57/,beer,白-Shiro-,,,リユースグラス,275ml,275,600円,600,https://www.beerkeyaki.jp/beer/archives/227/
38,COEDO BREWERY,関東,https://www.beerkeyaki.jp/shop/archives/57/,beer,漆黒-Shikkoku-,,,,350ml,350,700円,700,https://www.beerkeyaki.jp/beer/archives/228/
38,COEDO BREWERY,関東,https://www.beerkeyaki.jp/shop/archives/57/,beer,漆黒-Shikkoku-,,,リユースグラス,275ml,275,600円,600,https://www.beerkeyaki.jp/beer/archives/228/
38,COEDO BREWERY,関東,https://www.beerkeyaki.jp/shop/archives/57/,beer,紅赤-Beniaka-,,,,350ml,350,700円,700,https://www.beerkeyaki.jp/beer/archives/229/
38,COEDO BREWERY,関東,https://www.beerkeyaki.jp/shop/archives/57/,beer,紅赤-Beniaka-,,,リユースグラス,275ml,275,600円,600,https://www.beerkeyaki.jp/beer/archives/229/
39,DD4D BREWING,中国・四国,https://www.beerkeyaki.jp/shop/archives/89/,set,"DD4D オリジナルビール 4種飲み比べセット（各種サイズ：M,L,XL）",,"お好きなもの4種をお得に飲み比べできます！
Mサイズ¥2,200、Lサイズ¥3,400、XLサイズ¥4,500",,,,"2,200円",2200,
39,DD4D BREWING,中国・四国,https://www.beerkeyaki.jp/shop/archives/89/,beer,Easy Walker - Iyokan Lager for keyaki -,,,M,210ml,210,600円,600,https://www.beerkeyaki.jp/beer/archives/1020/
39,DD4D BREWING,中国・四国,https://www.beerkeyaki.jp/shop/archives/89/,beer,Easy Walker - Iyokan Lager for keyaki -,,,L,350ml,350,900円,900,https://www.beerkeyaki.jp/beer/archives/1020/
39,DD4D BREWING,中国・四国,https://www.beerkeyaki.jp/shop/archives/89/,beer,Easy Walker - Iyokan Lager for keyaki -,,,XL,500ml,500,"1,200円",1200,https://www.beerkeyaki.jp/beer/archives/1020/
39,DD4D BREWING,中国・四国,https://www.beerkeyaki.jp/shop/archives/89/,beer,Easy Walker - Iyokan Lager for keyaki -,,,リユースグラス,275ml,275,700円,700,https://www.beerkeyaki.jp/beer/archives/1020/
39,DD4D BREWING,中国・四国,https://www.beerkeyaki.jp/shop/archives/89/,beer,4 O'Clock Let's Call it a Day(Brut IPA),,,M,210ml,210,600円,600,https://www.beerkeyaki.jp/beer/archives/1021/
39,DD4D BREWING,中国・四国,https://www.beerkeyaki.jp/shop/archives/89/,beer,4 O'Clock Let's Call it a Day(Brut IPA),,,L,350ml,350,900円,900,https://www.beerkeyaki.jp/beer/archives/1021/
39,DD4D BREWING,中国・四国,https://www.beerkeyaki.jp/shop/archives/89/,beer,4 O'Clock Let's Call it a Day(Brut IPA),,,XL,500ml,500,"1,200円",1200,https://www.beerkeyaki.jp/beer/archives/1021/
39,DD4D BREWING,中国・四国,https://www.beerkeyaki.jp/shop/archives/89/,beer,4 O'Clock Let's Call it a Day(Brut IPA),,,リユースグラス,275ml,275,700円,700,https://www.beerkeyaki.jp/beer/archives/1021/
39,DD4D BREWING,中国・四国,https://www.beerkeyaki.jp/shop/archives/89/,beer,Don Jalapeño（Jalapeño IPA）,,,M,210ml,210,600円,600,https://www.beerkeyaki.jp/beer/archives/386/
39,DD4D BREWING,中国・四国,https://www.beerkeyaki.jp/shop/archives/89/,beer,Don Jalapeño（Jalapeño IPA）,,,L,350ml,350,900円,900,https://www.beerkeyaki.jp/beer/archives/386/
39,DD4D BREWING,中国・四国,https://www.beerkeyaki.jp/shop/archives/89/,beer,Don Jalapeño（Jalapeño IPA）,,,XL,500ml,500,"1,200円",1200,https://www.beerkeyaki.jp/beer/archives/386/
39,DD4D BREWING,中国・四国,https://www.beerkeyaki.jp/shop/archives/89/,beer,Don Jalapeño（Jalapeño IPA）,,,リユースグラス,275ml,275,700円,700,https://www.beerkeyaki.jp/beer/archives/386/
39,DD4D BREWING,中国・四国,https://www.beerkeyaki.jp/shop/archives/89/,beer,Emma(Lavender Hazy IPA),,,M,210ml,210,600円,600,https://www.beerkeyaki.jp/beer/archives/1022/
39,DD4D BREWING,中国・四国,https://www.beerkeyaki.jp/shop/archives/89/,beer,Emma(Lavender Hazy IPA),,,L,350ml,350,900円,900,https://www.beerkeyaki.jp/beer/archives/1022/
39,DD4D BREWING,中国・四国,https://www.beerkeyaki.jp/shop/archives/89/,beer,Emma(Lavender Hazy IPA),,,XL,500ml,500,"1,200円",1200,https://www.beerkeyaki.jp/beer/archives/1022/
39,DD4D BREWING,中国・四国,https://www.beerkeyaki.jp/shop/archives/89/,beer,Emma(Lavender Hazy IPA),,,リユースグラス,275ml,275,700円,700,https://www.beerkeyaki.jp/beer/archives/1022/
40,SIBEERIA BREWERY,海外,https://www.beerkeyaki.jp/shop/archives/119/,set,4種飲み比べセット,,8TAPの中から好きな4種類を選べる飲み比べセット（各150ml程度×4個）。,,,,"2,000円",2000,
40,SIBEERIA BREWERY,海外,https://www.beerkeyaki.jp/shop/archives/119/,beer,EVERYDAY LIFE (エヴリデイ ライフ）,おすすめ / 限定,,Sサイズ,200ml,200,800円,800,https://www.beerkeyaki.jp/beer/archives/1030/
40,SIBEERIA BREWERY,海外,https://www.beerkeyaki.jp/shop/archives/119/,beer,EVERYDAY LIFE (エヴリデイ ライフ）,おすすめ / 限定,,Mサイズ,350ml,350,"1,200円",1200,https://www.beerkeyaki.jp/beer/archives/1030/
40,SIBEERIA BREWERY,海外,https://www.beerkeyaki.jp/shop/archives/119/,beer,PATRONUS （パトロナス）,限定,,Sサイズ,200ml,200,800円,800,https://www.beerkeyaki.jp/beer/archives/1031/
40,SIBEERIA BREWERY,海外,https://www.beerkeyaki.jp/shop/archives/119/,beer,PATRONUS （パトロナス）,限定,,Mサイズ,350ml,350,"1,200円",1200,https://www.beerkeyaki.jp/beer/archives/1031/
40,SIBEERIA BREWERY,海外,https://www.beerkeyaki.jp/shop/archives/119/,beer,LIQUID LUCK（リキッドラック）,限定,,Sサイズ,200ml,200,800円,800,https://www.beerkeyaki.jp/beer/archives/1032/
40,SIBEERIA BREWERY,海外,https://www.beerkeyaki.jp/shop/archives/119/,beer,LIQUID LUCK（リキッドラック）,限定,,Mサイズ,350ml,350,"1,200円",1200,https://www.beerkeyaki.jp/beer/archives/1032/
40,SIBEERIA BREWERY,海外,https://www.beerkeyaki.jp/shop/archives/119/,beer,LOLLIHOP　(ロリホップ）,限定,,Sサイズ,200ml,200,800円,800,https://www.beerkeyaki.jp/beer/archives/1033/
40,SIBEERIA BREWERY,海外,https://www.beerkeyaki.jp/shop/archives/119/,beer,LOLLIHOP　(ロリホップ）,限定,,Mサイズ,350ml,350,"1,200円",1200,https://www.beerkeyaki.jp/beer/archives/1033/
40,SIBEERIA BREWERY,海外,https://www.beerkeyaki.jp/shop/archives/119/,beer,LOLLIHOP GRAPEFRUIT （グレープフルーツ ロリホップ）,限定,,Sサイズ,200ml,200,800円,800,https://www.beerkeyaki.jp/beer/archives/1034/
40,SIBEERIA BREWERY,海外,https://www.beerkeyaki.jp/shop/archives/119/,beer,LOLLIHOP GRAPEFRUIT （グレープフルーツ ロリホップ）,限定,,Mサイズ,350ml,350,"1,200円",1200,https://www.beerkeyaki.jp/beer/archives/1034/
40,SIBEERIA BREWERY,海外,https://www.beerkeyaki.jp/shop/archives/119/,beer,VORACIOUS VIPER（ヴォレイシャス ヴァイパー）,限定,,Sサイズ,200ml,200,800円,800,https://www.beerkeyaki.jp/beer/archives/1035/
40,SIBEERIA BREWERY,海外,https://www.beerkeyaki.jp/shop/archives/119/,beer,VORACIOUS VIPER（ヴォレイシャス ヴァイパー）,限定,,Mサイズ,350ml,350,"1,200円",1200,https://www.beerkeyaki.jp/beer/archives/1035/
40,SIBEERIA BREWERY,海外,https://www.beerkeyaki.jp/shop/archives/119/,beer,Prague Tap Room 2nd ANNIVERSARY（プラハ タップルーム 2周年記念）,限定,,Sサイズ,200ml,200,800円,800,https://www.beerkeyaki.jp/beer/archives/1036/
40,SIBEERIA BREWERY,海外,https://www.beerkeyaki.jp/shop/archives/119/,beer,Prague Tap Room 2nd ANNIVERSARY（プラハ タップルーム 2周年記念）,限定,,Mサイズ,350ml,350,"1,200円",1200,https://www.beerkeyaki.jp/beer/archives/1036/
40,SIBEERIA BREWERY,海外,https://www.beerkeyaki.jp/shop/archives/119/,beer,Ensemble（アンサンブル）,限定,,Sサイズ,200ml,200,800円,800,https://www.beerkeyaki.jp/beer/archives/1037/
40,SIBEERIA BREWERY,海外,https://www.beerkeyaki.jp/shop/archives/119/,beer,Ensemble（アンサンブル）,限定,,Mサイズ,350ml,350,"1,200円",1200,https://www.beerkeyaki.jp/beer/archives/1037/
40,SIBEERIA BREWERY,海外,https://www.beerkeyaki.jp/shop/archives/119/,beer,Smoke Lady（スモーク レディ）,限定,,Sサイズ,200ml,200,800円,800,https://www.beerkeyaki.jp/beer/archives/1038/
40,SIBEERIA BREWERY,海外,https://www.beerkeyaki.jp/shop/archives/119/,beer,Smoke Lady（スモーク レディ）,限定,,Mサイズ,350ml,350,"1,200円",1200,https://www.beerkeyaki.jp/beer/archives/1038/
40,SIBEERIA BREWERY,海外,https://www.beerkeyaki.jp/shop/archives/119/,beer,Nostalgie 70s（ノスタルジー 70s）,限定,,Sサイズ,200ml,200,800円,800,https://www.beerkeyaki.jp/beer/archives/1039/
40,SIBEERIA BREWERY,海外,https://www.beerkeyaki.jp/shop/archives/119/,beer,Nostalgie 70s（ノスタルジー 70s）,限定,,Mサイズ,350ml,350,"1,200円",1200,https://www.beerkeyaki.jp/beer/archives/1039/
40,SIBEERIA BREWERY,海外,https://www.beerkeyaki.jp/shop/archives/119/,beer,Nostalgie 80s（ノスタルジー 80s）,限定,,Sサイズ,200ml,200,800円,800,https://www.beerkeyaki.jp/beer/archives/1040/
40,SIBEERIA BREWERY,海外,https://www.beerkeyaki.jp/shop/archives/119/,beer,Nostalgie 80s（ノスタルジー 80s）,限定,,Mサイズ,350ml,350,"1,200円",1200,https://www.beerkeyaki.jp/beer/archives/1040/
41,HOPJAPAN,東北,https://www.beerkeyaki.jp/shop/archives/118/,set,4種飲み比べセット,,お好きなビール4種類お選びいただける飲み比べセットです。,,,,"1,800円",1800,
41,HOPJAPAN,東北,https://www.beerkeyaki.jp/shop/archives/118/,set,フレッシュホップ4種飲み比べセット,,"福島産ホップのみ使用した贅沢なフレッシュホップビール4種セットです。
ホップによる味わいの変化を、ぜひ飲み比べで体験してください！",,,,"2,000円",2000,
41,HOPJAPAN,東北,https://www.beerkeyaki.jp/shop/archives/118/,beer,けやきメルツェン,おすすめ / 限定,,Mサイズ,330ml,330,800円,800,https://www.beerkeyaki.jp/beer/archives/924/
41,HOPJAPAN,東北,https://www.beerkeyaki.jp/shop/archives/118/,beer,けやきメルツェン,おすすめ / 限定,,Lサイズ,450ml,450,"1,200円",1200,https://www.beerkeyaki.jp/beer/archives/924/
41,HOPJAPAN,東北,https://www.beerkeyaki.jp/shop/archives/118/,beer,けやきメルツェン,おすすめ / 限定,,リユース,275ml,275,700円,700,https://www.beerkeyaki.jp/beer/archives/924/
41,HOPJAPAN,東北,https://www.beerkeyaki.jp/shop/archives/118/,beer,And Your Day,,,Mサイズ,330ml,330,800円,800,https://www.beerkeyaki.jp/beer/archives/925/
41,HOPJAPAN,東北,https://www.beerkeyaki.jp/shop/archives/118/,beer,And Your Day,,,Lサイズ,450ml,450,"1,200円",1200,https://www.beerkeyaki.jp/beer/archives/925/
41,HOPJAPAN,東北,https://www.beerkeyaki.jp/shop/archives/118/,beer,And Your Day,,,リユース,275ml,275,700円,700,https://www.beerkeyaki.jp/beer/archives/925/
41,HOPJAPAN,東北,https://www.beerkeyaki.jp/shop/archives/118/,beer,Brain Dance,,,Mサイズ,330ml,330,800円,800,https://www.beerkeyaki.jp/beer/archives/926/
41,HOPJAPAN,東北,https://www.beerkeyaki.jp/shop/archives/118/,beer,Brain Dance,,,Lサイズ,450ml,450,"1,200円",1200,https://www.beerkeyaki.jp/beer/archives/926/
41,HOPJAPAN,東北,https://www.beerkeyaki.jp/shop/archives/118/,beer,Brain Dance,,,リユース,275ml,275,700円,700,https://www.beerkeyaki.jp/beer/archives/926/
41,HOPJAPAN,東北,https://www.beerkeyaki.jp/shop/archives/118/,beer,Abukuma FRESH 2026 ver.,限定,,Mサイズ,330ml,330,800円,800,https://www.beerkeyaki.jp/beer/archives/927/
41,HOPJAPAN,東北,https://www.beerkeyaki.jp/shop/archives/118/,beer,Abukuma FRESH 2026 ver.,限定,,Lサイズ,450ml,450,"1,200円",1200,https://www.beerkeyaki.jp/beer/archives/927/
41,HOPJAPAN,東北,https://www.beerkeyaki.jp/shop/archives/118/,beer,Abukuma FRESH 2026 ver.,限定,,リユース,275ml,275,700円,700,https://www.beerkeyaki.jp/beer/archives/927/
41,HOPJAPAN,東北,https://www.beerkeyaki.jp/shop/archives/118/,beer,Abukuma CRYSTAL,,,Mサイズ,330ml,330,800円,800,https://www.beerkeyaki.jp/beer/archives/928/
41,HOPJAPAN,東北,https://www.beerkeyaki.jp/shop/archives/118/,beer,Abukuma CRYSTAL,,,Lサイズ,450ml,450,"1,200円",1200,https://www.beerkeyaki.jp/beer/archives/928/
41,HOPJAPAN,東北,https://www.beerkeyaki.jp/shop/archives/118/,beer,Abukuma CRYSTAL,,,リユース,275ml,275,700円,700,https://www.beerkeyaki.jp/beer/archives/928/
41,HOPJAPAN,東北,https://www.beerkeyaki.jp/shop/archives/118/,beer,Abukuma GOLD,,,Mサイズ,330ml,330,800円,800,https://www.beerkeyaki.jp/beer/archives/929/
41,HOPJAPAN,東北,https://www.beerkeyaki.jp/shop/archives/118/,beer,Abukuma GOLD,,,Lサイズ,450ml,450,"1,000円",1000,https://www.beerkeyaki.jp/beer/archives/929/
41,HOPJAPAN,東北,https://www.beerkeyaki.jp/shop/archives/118/,beer,Abukuma GOLD,,,リユース,275ml,275,700円,700,https://www.beerkeyaki.jp/beer/archives/929/
41,HOPJAPAN,東北,https://www.beerkeyaki.jp/shop/archives/118/,beer,Abukuma BLACK,,,Mサイズ,330ml,330,800円,800,https://www.beerkeyaki.jp/beer/archives/930/
41,HOPJAPAN,東北,https://www.beerkeyaki.jp/shop/archives/118/,beer,Abukuma BLACK,,,Lサイズ,450ml,450,"1,000円",1000,https://www.beerkeyaki.jp/beer/archives/930/
41,HOPJAPAN,東北,https://www.beerkeyaki.jp/shop/archives/118/,beer,Abukuma BLACK,,,リユース,275ml,275,700円,700,https://www.beerkeyaki.jp/beer/archives/930/
41,HOPJAPAN,東北,https://www.beerkeyaki.jp/shop/archives/118/,beer,Abukuma RED,,,,,,,,https://www.beerkeyaki.jp/beer/archives/931/
41,HOPJAPAN,東北,https://www.beerkeyaki.jp/shop/archives/118/,beer,Abukuma GREEN,,,Mサイズ,330ml,330,800円,800,https://www.beerkeyaki.jp/beer/archives/932/
41,HOPJAPAN,東北,https://www.beerkeyaki.jp/shop/archives/118/,beer,Abukuma GREEN,,,Lサイズ,450ml,450,"1,200円",1200,https://www.beerkeyaki.jp/beer/archives/932/
41,HOPJAPAN,東北,https://www.beerkeyaki.jp/shop/archives/118/,beer,Abukuma GREEN,,,リユース,275ml,275,700円,700,https://www.beerkeyaki.jp/beer/archives/932/
41,HOPJAPAN,東北,https://www.beerkeyaki.jp/shop/archives/118/,beer,HOPJAPAN White,,,Mサイズ,330ml,330,800円,800,https://www.beerkeyaki.jp/beer/archives/933/
41,HOPJAPAN,東北,https://www.beerkeyaki.jp/shop/archives/118/,beer,HOPJAPAN White,,,Lサイズ,450ml,450,"1,200円",1200,https://www.beerkeyaki.jp/beer/archives/933/
41,HOPJAPAN,東北,https://www.beerkeyaki.jp/shop/archives/118/,beer,HOPJAPAN White,,,リユース,275ml,275,700円,700,https://www.beerkeyaki.jp/beer/archives/933/
41,HOPJAPAN,東北,https://www.beerkeyaki.jp/shop/archives/118/,beer,HOP JAPAN IPA,,,Mサイズ,330ml,330,800円,800,https://www.beerkeyaki.jp/beer/archives/934/
41,HOPJAPAN,東北,https://www.beerkeyaki.jp/shop/archives/118/,beer,HOP JAPAN IPA,,,Lサイズ,450ml,450,"1,200円",1200,https://www.beerkeyaki.jp/beer/archives/934/
41,HOPJAPAN,東北,https://www.beerkeyaki.jp/shop/archives/118/,beer,HOP JAPAN IPA,,,リユース,275ml,275,700円,700,https://www.beerkeyaki.jp/beer/archives/934/
42,Repubrew,東海,https://www.beerkeyaki.jp/shop/archives/81/,set,4種飲み比べ,,"1,2番のビールと他から2種類お選びいただけます。",,,,"1,900円",1900,
42,Repubrew,東海,https://www.beerkeyaki.jp/shop/archives/81/,beer,五枚花の金木犀,限定,,M12oz,350ml,350,900円,900,https://www.beerkeyaki.jp/beer/archives/963/
42,Repubrew,東海,https://www.beerkeyaki.jp/shop/archives/81/,beer,五枚花の金木犀,限定,,L20oz,590ml,590,"1,400円",1400,https://www.beerkeyaki.jp/beer/archives/963/
42,Repubrew,東海,https://www.beerkeyaki.jp/shop/archives/81/,beer,五枚花の金木犀,限定,,リユースグラス,275ml,275,800円,800,https://www.beerkeyaki.jp/beer/archives/963/
42,Repubrew,東海,https://www.beerkeyaki.jp/shop/archives/81/,beer,69IPA,,,M12oz,330ml,330,900円,900,https://www.beerkeyaki.jp/beer/archives/257/
42,Repubrew,東海,https://www.beerkeyaki.jp/shop/archives/81/,beer,69IPA,,,L20oz,590ml,590,"1,400円",1400,https://www.beerkeyaki.jp/beer/archives/257/
42,Repubrew,東海,https://www.beerkeyaki.jp/shop/archives/81/,beer,69IPA,,,リユースグラス,275ml,275,800円,800,https://www.beerkeyaki.jp/beer/archives/257/
42,Repubrew,東海,https://www.beerkeyaki.jp/shop/archives/81/,beer,本生,,,M12oz,330ml,330,900円,900,https://www.beerkeyaki.jp/beer/archives/258/
42,Repubrew,東海,https://www.beerkeyaki.jp/shop/archives/81/,beer,本生,,,L20oz,590ml,590,"1,400円",1400,https://www.beerkeyaki.jp/beer/archives/258/
42,Repubrew,東海,https://www.beerkeyaki.jp/shop/archives/81/,beer,本生,,,リユースグラス,275ml,275,800円,800,https://www.beerkeyaki.jp/beer/archives/258/
42,Repubrew,東海,https://www.beerkeyaki.jp/shop/archives/81/,beer,沼津HAZY IPA,,,M12oz,330ml,330,900円,900,https://www.beerkeyaki.jp/beer/archives/259/
42,Repubrew,東海,https://www.beerkeyaki.jp/shop/archives/81/,beer,沼津HAZY IPA,,,L20oz,590ml,590,"1,400円",1400,https://www.beerkeyaki.jp/beer/archives/259/
42,Repubrew,東海,https://www.beerkeyaki.jp/shop/archives/81/,beer,沼津HAZY IPA,,,リユースグラス,275ml,275,800円,800,https://www.beerkeyaki.jp/beer/archives/259/
42,Repubrew,東海,https://www.beerkeyaki.jp/shop/archives/81/,beer,CAMPai HAZY,,,M12oz,330ml,330,900円,900,https://www.beerkeyaki.jp/beer/archives/260/
42,Repubrew,東海,https://www.beerkeyaki.jp/shop/archives/81/,beer,CAMPai HAZY,,,L20oz,590ml,590,"1,400円",1400,https://www.beerkeyaki.jp/beer/archives/260/
42,Repubrew,東海,https://www.beerkeyaki.jp/shop/archives/81/,beer,CAMPai HAZY,,,リユースグラス,275ml,275,800円,800,https://www.beerkeyaki.jp/beer/archives/260/
42,Repubrew,東海,https://www.beerkeyaki.jp/shop/archives/81/,beer,WILD FUNKYARD CHERRY,,,M12oz,330ml,330,900円,900,https://www.beerkeyaki.jp/beer/archives/815/
42,Repubrew,東海,https://www.beerkeyaki.jp/shop/archives/81/,beer,WILD FUNKYARD CHERRY,,,L20oz,590ml,590,"1,400円",1400,https://www.beerkeyaki.jp/beer/archives/815/
42,Repubrew,東海,https://www.beerkeyaki.jp/shop/archives/81/,beer,WILD FUNKYARD CHERRY,,,リユースグラス,275ml,275,800円,800,https://www.beerkeyaki.jp/beer/archives/815/
42,Repubrew,東海,https://www.beerkeyaki.jp/shop/archives/81/,beer,バレルファーメンテーション オーツミルクラテ with ヌテラ,,,M12oz,330ml,330,900円,900,https://www.beerkeyaki.jp/beer/archives/1061/
42,Repubrew,東海,https://www.beerkeyaki.jp/shop/archives/81/,beer,バレルファーメンテーション オーツミルクラテ with ヌテラ,,,L20oz,590ml,590,"1,400円",1400,https://www.beerkeyaki.jp/beer/archives/1061/
42,Repubrew,東海,https://www.beerkeyaki.jp/shop/archives/81/,beer,バレルファーメンテーション オーツミルクラテ with ヌテラ,,,リユースグラス,275ml,275,800円,800,https://www.beerkeyaki.jp/beer/archives/1061/
42,Repubrew,東海,https://www.beerkeyaki.jp/shop/archives/81/,beer,月に変わってお仕置きIPA,限定,,M12oz,330ml,330,900円,900,https://www.beerkeyaki.jp/beer/archives/1062/
42,Repubrew,東海,https://www.beerkeyaki.jp/shop/archives/81/,beer,月に変わってお仕置きIPA,限定,,L20oz,590ml,590,"1,400円",1400,https://www.beerkeyaki.jp/beer/archives/1062/
42,Repubrew,東海,https://www.beerkeyaki.jp/shop/archives/81/,beer,月に変わってお仕置きIPA,限定,,リユースグラス,275ml,275,800円,800,https://www.beerkeyaki.jp/beer/archives/1062/
42,Repubrew,東海,https://www.beerkeyaki.jp/shop/archives/81/,beer,紫芋 COOKIE WHEAT,限定,,M12oz,330ml,330,900円,900,https://www.beerkeyaki.jp/beer/archives/814/
42,Repubrew,東海,https://www.beerkeyaki.jp/shop/archives/81/,beer,紫芋 COOKIE WHEAT,限定,,L20oz,590ml,590,"1,400円",1400,https://www.beerkeyaki.jp/beer/archives/814/
42,Repubrew,東海,https://www.beerkeyaki.jp/shop/archives/81/,beer,紫芋 COOKIE WHEAT,限定,,リユースグラス,275ml,275,800円,800,https://www.beerkeyaki.jp/beer/archives/814/
43,B.M.B Brewery,九州・沖縄,https://www.beerkeyaki.jp/shop/archives/103/,set,B.M.B Brewerｙの選べる飲み比べセット！,,8液種の中からお好きなのを！スムージーも選べちゃう♡,,,,"2,300円",2300,
43,B.M.B Brewery,九州・沖縄,https://www.beerkeyaki.jp/shop/archives/103/,beer,Grim Reaper,おすすめ,,スモール,360ml,360,"1,000円",1000,https://www.beerkeyaki.jp/beer/archives/388/
43,B.M.B Brewery,九州・沖縄,https://www.beerkeyaki.jp/shop/archives/103/,beer,Grim Reaper,おすすめ,,レギュラー,500ml,500,"1,400円",1400,https://www.beerkeyaki.jp/beer/archives/388/
43,B.M.B Brewery,九州・沖縄,https://www.beerkeyaki.jp/shop/archives/103/,beer,Grim Reaper,おすすめ,,ラージ,"1,000ml",1000,"2,300円",2300,https://www.beerkeyaki.jp/beer/archives/388/
43,B.M.B Brewery,九州・沖縄,https://www.beerkeyaki.jp/shop/archives/103/,beer,Grim Reaper,おすすめ,,リユースグラス,275ml,275,800円,800,https://www.beerkeyaki.jp/beer/archives/388/
43,B.M.B Brewery,九州・沖縄,https://www.beerkeyaki.jp/shop/archives/103/,beer,Jane Doe,,,スモール,360ml,360,"1,000円",1000,https://www.beerkeyaki.jp/beer/archives/395/
43,B.M.B Brewery,九州・沖縄,https://www.beerkeyaki.jp/shop/archives/103/,beer,Jane Doe,,,レギュラー,500ml,500,"1,400円",1400,https://www.beerkeyaki.jp/beer/archives/395/
43,B.M.B Brewery,九州・沖縄,https://www.beerkeyaki.jp/shop/archives/103/,beer,Jane Doe,,,ラージ,"1,000ml",1000,"2,300円",2300,https://www.beerkeyaki.jp/beer/archives/395/
43,B.M.B Brewery,九州・沖縄,https://www.beerkeyaki.jp/shop/archives/103/,beer,Jane Doe,,,リユースグラス,275ml,275,800円,800,https://www.beerkeyaki.jp/beer/archives/395/
43,B.M.B Brewery,九州・沖縄,https://www.beerkeyaki.jp/shop/archives/103/,beer,Cryptid,,,スモール,360ml,360,"1,000円",1000,https://www.beerkeyaki.jp/beer/archives/872/
43,B.M.B Brewery,九州・沖縄,https://www.beerkeyaki.jp/shop/archives/103/,beer,Cryptid,,,レギュラー,500ml,500,"1,400円",1400,https://www.beerkeyaki.jp/beer/archives/872/
43,B.M.B Brewery,九州・沖縄,https://www.beerkeyaki.jp/shop/archives/103/,beer,Cryptid,,,ラージ,"1,000ml",1000,"2,300円",2300,https://www.beerkeyaki.jp/beer/archives/872/
43,B.M.B Brewery,九州・沖縄,https://www.beerkeyaki.jp/shop/archives/103/,beer,Cryptid,,,リユースグラス,275ml,275,800円,800,https://www.beerkeyaki.jp/beer/archives/872/
44,月と太陽BREWING,北海道,https://www.beerkeyaki.jp/shop/archives/114/,set,4種のみくらべセット,,大人気！オススメ！月と太陽BREWINGのみくらべセット！,,,,"2,000円",2000,
44,月と太陽BREWING,北海道,https://www.beerkeyaki.jp/shop/archives/114/,beer,zzz365 Modern Pale Ale -けやき秋もよろしくね！Ver.-,限定,,,360ml,360,"1,000円",1000,https://www.beerkeyaki.jp/beer/archives/750/
44,月と太陽BREWING,北海道,https://www.beerkeyaki.jp/shop/archives/114/,beer,zzz365 Modern Pale Ale -けやき秋もよろしくね！Ver.-,限定,,リユースグラス,275ml,275,800円,800,https://www.beerkeyaki.jp/beer/archives/750/
44,月と太陽BREWING,北海道,https://www.beerkeyaki.jp/shop/archives/114/,beer,Pilsner,,,,360ml,360,"1,000円",1000,https://www.beerkeyaki.jp/beer/archives/940/
44,月と太陽BREWING,北海道,https://www.beerkeyaki.jp/shop/archives/114/,beer,Pilsner,,,リユースグラス,275ml,275,800円,800,https://www.beerkeyaki.jp/beer/archives/940/
44,月と太陽BREWING,北海道,https://www.beerkeyaki.jp/shop/archives/114/,beer,Pale Ale,,,,360ml,360,"1,000円",1000,https://www.beerkeyaki.jp/beer/archives/759/
44,月と太陽BREWING,北海道,https://www.beerkeyaki.jp/shop/archives/114/,beer,Pale Ale,,,リユースグラス,275ml,275,800円,800,https://www.beerkeyaki.jp/beer/archives/759/
44,月と太陽BREWING,北海道,https://www.beerkeyaki.jp/shop/archives/114/,beer,IPA,,,,360ml,360,"1,000円",1000,https://www.beerkeyaki.jp/beer/archives/760/
44,月と太陽BREWING,北海道,https://www.beerkeyaki.jp/shop/archives/114/,beer,IPA,,,リユースグラス,275ml,275,800円,800,https://www.beerkeyaki.jp/beer/archives/760/
44,月と太陽BREWING,北海道,https://www.beerkeyaki.jp/shop/archives/114/,beer,Nelson Sauvin Lager,,,,360ml,360,"1,000円",1000,https://www.beerkeyaki.jp/beer/archives/761/
44,月と太陽BREWING,北海道,https://www.beerkeyaki.jp/shop/archives/114/,beer,Nelson Sauvin Lager,,,リユースグラス,275ml,275,800円,800,https://www.beerkeyaki.jp/beer/archives/761/
44,月と太陽BREWING,北海道,https://www.beerkeyaki.jp/shop/archives/114/,beer,Grapewood,限定,,,360ml,360,"1,000円",1000,https://www.beerkeyaki.jp/beer/archives/941/
44,月と太陽BREWING,北海道,https://www.beerkeyaki.jp/shop/archives/114/,beer,Grapewood,限定,,リユースグラス,275ml,275,800円,800,https://www.beerkeyaki.jp/beer/archives/941/
44,月と太陽BREWING,北海道,https://www.beerkeyaki.jp/shop/archives/114/,beer,HEART BREAK 2026,限定,,,360ml,360,"1,000円",1000,https://www.beerkeyaki.jp/beer/archives/762/
44,月と太陽BREWING,北海道,https://www.beerkeyaki.jp/shop/archives/114/,beer,HEART BREAK 2026,限定,,リユースグラス,275ml,275,800円,800,https://www.beerkeyaki.jp/beer/archives/762/
44,月と太陽BREWING,北海道,https://www.beerkeyaki.jp/shop/archives/114/,beer,塩檸檬,限定,,,360ml,360,"1,000円",1000,https://www.beerkeyaki.jp/beer/archives/764/
44,月と太陽BREWING,北海道,https://www.beerkeyaki.jp/shop/archives/114/,beer,塩檸檬,限定,,リユースグラス,275ml,275,800円,800,https://www.beerkeyaki.jp/beer/archives/764/
44,月と太陽BREWING,北海道,https://www.beerkeyaki.jp/shop/archives/114/,beer,HIDAKAMI BEER -COSMIC EDITION-,限定,,,360ml,360,"1,000円",1000,https://www.beerkeyaki.jp/beer/archives/942/
44,月と太陽BREWING,北海道,https://www.beerkeyaki.jp/shop/archives/114/,beer,HIDAKAMI BEER -COSMIC EDITION-,限定,,リユースグラス,275ml,275,800円,800,https://www.beerkeyaki.jp/beer/archives/942/
44,月と太陽BREWING,北海道,https://www.beerkeyaki.jp/shop/archives/114/,beer,ASPARA FARM BREW,限定,,,360ml,360,"1,000円",1000,https://www.beerkeyaki.jp/beer/archives/943/
44,月と太陽BREWING,北海道,https://www.beerkeyaki.jp/shop/archives/114/,beer,ASPARA FARM BREW,限定,,リユースグラス,275ml,275,800円,800,https://www.beerkeyaki.jp/beer/archives/943/
45,大山Gビール,中国・四国,https://www.beerkeyaki.jp/shop/archives/88/,set,「大山Gビール」選べる４種飲み比べセット,,お好きなビールを選べます！/1900円〜,,,,"1,900円",1900,
45,大山Gビール,中国・四国,https://www.beerkeyaki.jp/shop/archives/88/,beer,大山Gビール「ヴァイツェン」,おすすめ,,特大カップ,690ml,690,"1,400円",1400,https://www.beerkeyaki.jp/beer/archives/66/
45,大山Gビール,中国・四国,https://www.beerkeyaki.jp/shop/archives/88/,beer,大山Gビール「ヴァイツェン」,おすすめ,,大カップ,420ml,420,900円,900,https://www.beerkeyaki.jp/beer/archives/66/
45,大山Gビール,中国・四国,https://www.beerkeyaki.jp/shop/archives/88/,beer,大山Gビール「ヴァイツェン」,おすすめ,,中カップ,330ml,330,800円,800,https://www.beerkeyaki.jp/beer/archives/66/
45,大山Gビール,中国・四国,https://www.beerkeyaki.jp/shop/archives/88/,beer,大山Gビール「ヴァイツェン」,おすすめ,,リユースグラス,275ml,275,700円,700,https://www.beerkeyaki.jp/beer/archives/66/
45,大山Gビール,中国・四国,https://www.beerkeyaki.jp/shop/archives/88/,beer,大山Gビール「ピルスナー」,,,特大カップ,690ml,690,"1,400円",1400,https://www.beerkeyaki.jp/beer/archives/377/
45,大山Gビール,中国・四国,https://www.beerkeyaki.jp/shop/archives/88/,beer,大山Gビール「ピルスナー」,,,大カップ,420ml,420,900円,900,https://www.beerkeyaki.jp/beer/archives/377/
45,大山Gビール,中国・四国,https://www.beerkeyaki.jp/shop/archives/88/,beer,大山Gビール「ピルスナー」,,,中カップ,330ml,330,800円,800,https://www.beerkeyaki.jp/beer/archives/377/
45,大山Gビール,中国・四国,https://www.beerkeyaki.jp/shop/archives/88/,beer,大山Gビール「ピルスナー」,,,リユースグラス,275ml,275,700円,700,https://www.beerkeyaki.jp/beer/archives/377/
45,大山Gビール,中国・四国,https://www.beerkeyaki.jp/shop/archives/88/,beer,大山Gビール「スタウト」,おすすめ,,特大カップ,690ml,690,"1,400円",1400,https://www.beerkeyaki.jp/beer/archives/665/
45,大山Gビール,中国・四国,https://www.beerkeyaki.jp/shop/archives/88/,beer,大山Gビール「スタウト」,おすすめ,,大カップ,420ml,420,900円,900,https://www.beerkeyaki.jp/beer/archives/665/
45,大山Gビール,中国・四国,https://www.beerkeyaki.jp/shop/archives/88/,beer,大山Gビール「スタウト」,おすすめ,,中カップ,330ml,330,800円,800,https://www.beerkeyaki.jp/beer/archives/665/
45,大山Gビール,中国・四国,https://www.beerkeyaki.jp/shop/archives/88/,beer,大山Gビール「スタウト」,おすすめ,,リユースグラス,275ml,275,700円,700,https://www.beerkeyaki.jp/beer/archives/665/
45,大山Gビール,中国・四国,https://www.beerkeyaki.jp/shop/archives/88/,beer,大山Gビール「ヴァイツェンボック」,限定,,特大カップ,690ml,690,"1,400円",1400,https://www.beerkeyaki.jp/beer/archives/379/
45,大山Gビール,中国・四国,https://www.beerkeyaki.jp/shop/archives/88/,beer,大山Gビール「ヴァイツェンボック」,限定,,大カップ,420ml,420,900円,900,https://www.beerkeyaki.jp/beer/archives/379/
45,大山Gビール,中国・四国,https://www.beerkeyaki.jp/shop/archives/88/,beer,大山Gビール「ヴァイツェンボック」,限定,,中カップ,330ml,330,800円,800,https://www.beerkeyaki.jp/beer/archives/379/
45,大山Gビール,中国・四国,https://www.beerkeyaki.jp/shop/archives/88/,beer,大山Gビール「ヴァイツェンボック」,限定,,リユースグラス,275ml,275,700円,700,https://www.beerkeyaki.jp/beer/archives/379/
45,大山Gビール,中国・四国,https://www.beerkeyaki.jp/shop/archives/88/,beer,大山Gビール「八郷」,限定,,特大カップ,690ml,690,"1,400円",1400,https://www.beerkeyaki.jp/beer/archives/849/
45,大山Gビール,中国・四国,https://www.beerkeyaki.jp/shop/archives/88/,beer,大山Gビール「八郷」,限定,,大カップ,420ml,420,900円,900,https://www.beerkeyaki.jp/beer/archives/849/
45,大山Gビール,中国・四国,https://www.beerkeyaki.jp/shop/archives/88/,beer,大山Gビール「八郷」,限定,,中カップ,330ml,330,800円,800,https://www.beerkeyaki.jp/beer/archives/849/
45,大山Gビール,中国・四国,https://www.beerkeyaki.jp/shop/archives/88/,beer,大山Gビール「八郷」,限定,,リユースグラス,275ml,275,700円,700,https://www.beerkeyaki.jp/beer/archives/849/
45,大山Gビール,中国・四国,https://www.beerkeyaki.jp/shop/archives/88/,beer,大山Gビール「大山ゴールド」,限定,,特大カップ,690ml,690,"1,400円",1400,https://www.beerkeyaki.jp/beer/archives/483/
45,大山Gビール,中国・四国,https://www.beerkeyaki.jp/shop/archives/88/,beer,大山Gビール「大山ゴールド」,限定,,大カップ,420ml,420,900円,900,https://www.beerkeyaki.jp/beer/archives/483/
45,大山Gビール,中国・四国,https://www.beerkeyaki.jp/shop/archives/88/,beer,大山Gビール「大山ゴールド」,限定,,中カップ,330ml,330,800円,800,https://www.beerkeyaki.jp/beer/archives/483/
45,大山Gビール,中国・四国,https://www.beerkeyaki.jp/shop/archives/88/,beer,大山Gビール「大山ゴールド」,限定,,リユースグラス,275ml,275,700円,700,https://www.beerkeyaki.jp/beer/archives/483/
45,大山Gビール,中国・四国,https://www.beerkeyaki.jp/shop/archives/88/,beer,大山Gビール「IPA」,限定,,特大カップ,690ml,690,"1,400円",1400,https://www.beerkeyaki.jp/beer/archives/850/
45,大山Gビール,中国・四国,https://www.beerkeyaki.jp/shop/archives/88/,beer,大山Gビール「IPA」,限定,,大カップ,420ml,420,900円,900,https://www.beerkeyaki.jp/beer/archives/850/
45,大山Gビール,中国・四国,https://www.beerkeyaki.jp/shop/archives/88/,beer,大山Gビール「IPA」,限定,,中カップ,330ml,330,800円,800,https://www.beerkeyaki.jp/beer/archives/850/
45,大山Gビール,中国・四国,https://www.beerkeyaki.jp/shop/archives/88/,beer,大山Gビール「IPA」,限定,,リユースグラス,275ml,275,700円,700,https://www.beerkeyaki.jp/beer/archives/850/
45,大山Gビール,中国・四国,https://www.beerkeyaki.jp/shop/archives/88/,beer,大山Gビール「インペリアルスタウト」,限定,,小カップ,210ml,210,900円,900,https://www.beerkeyaki.jp/beer/archives/852/
45,大山Gビール,中国・四国,https://www.beerkeyaki.jp/shop/archives/88/,beer,大山Gビール「ウィートワイン」,限定,,小カップ,210ml,210,900円,900,https://www.beerkeyaki.jp/beer/archives/853/
45,大山Gビール,中国・四国,https://www.beerkeyaki.jp/shop/archives/88/,beer,大山Gビール「琥珀ヴァイツェン」,,,特大カップ,690ml,690,"1,400円",1400,https://www.beerkeyaki.jp/beer/archives/1012/
45,大山Gビール,中国・四国,https://www.beerkeyaki.jp/shop/archives/88/,beer,大山Gビール「琥珀ヴァイツェン」,,,大カップ,420ml,420,900円,900,https://www.beerkeyaki.jp/beer/archives/1012/
45,大山Gビール,中国・四国,https://www.beerkeyaki.jp/shop/archives/88/,beer,大山Gビール「琥珀ヴァイツェン」,,,中カップ,330ml,330,800円,800,https://www.beerkeyaki.jp/beer/archives/1012/
45,大山Gビール,中国・四国,https://www.beerkeyaki.jp/shop/archives/88/,beer,大山Gビール「琥珀ヴァイツェン」,,,リユースグラス,275ml,275,700円,700,https://www.beerkeyaki.jp/beer/archives/1012/
45,大山Gビール,中国・四国,https://www.beerkeyaki.jp/shop/archives/88/,beer,大山Gビール「悠々G滴」,,,特大カップ,690ml,690,"1,400円",1400,https://www.beerkeyaki.jp/beer/archives/1013/
45,大山Gビール,中国・四国,https://www.beerkeyaki.jp/shop/archives/88/,beer,大山Gビール「悠々G滴」,,,大カップ,420ml,420,900円,900,https://www.beerkeyaki.jp/beer/archives/1013/
45,大山Gビール,中国・四国,https://www.beerkeyaki.jp/shop/archives/88/,beer,大山Gビール「悠々G滴」,,,中カップ,330ml,330,800円,800,https://www.beerkeyaki.jp/beer/archives/1013/
45,大山Gビール,中国・四国,https://www.beerkeyaki.jp/shop/archives/88/,beer,大山Gビール「悠々G滴」,,,リユースグラス,275ml,275,700円,700,https://www.beerkeyaki.jp/beer/archives/1013/
46,NAMACHAん Brewing,関東,https://www.beerkeyaki.jp/shop/archives/112/,set,4種のみくらべセット,,断然お得！！選べる4種のみくらべセットです。,,,,"2,000円",2000,
46,NAMACHAん Brewing,関東,https://www.beerkeyaki.jp/shop/archives/112/,set,3種のみくらべセット,,断然お得！！選べる3種のみくらべセットです。,,,,"1,500円",1500,
46,NAMACHAん Brewing,関東,https://www.beerkeyaki.jp/shop/archives/112/,beer,けやき はじまりのIPA～2026秋～,おすすめ / 限定,,Sサイズ,,,800円,800,https://www.beerkeyaki.jp/beer/archives/957/
46,NAMACHAん Brewing,関東,https://www.beerkeyaki.jp/shop/archives/112/,beer,けやき はじまりのIPA～2026秋～,おすすめ / 限定,,Mサイズ,,,"1,000円",1000,https://www.beerkeyaki.jp/beer/archives/957/
46,NAMACHAん Brewing,関東,https://www.beerkeyaki.jp/shop/archives/112/,beer,けやき はじまりのIPA～2026秋～,おすすめ / 限定,,Lサイズ,,,"1,200円",1200,https://www.beerkeyaki.jp/beer/archives/957/
46,NAMACHAん Brewing,関東,https://www.beerkeyaki.jp/shop/archives/112/,beer,けやき はじまりのIPA～2026秋～,おすすめ / 限定,,リユースグラス,275ml,275,800円,800,https://www.beerkeyaki.jp/beer/archives/957/
46,NAMACHAん Brewing,関東,https://www.beerkeyaki.jp/shop/archives/112/,beer,なまちゃんのラオホ,,,Sサイズ,,,800円,800,https://www.beerkeyaki.jp/beer/archives/595/
46,NAMACHAん Brewing,関東,https://www.beerkeyaki.jp/shop/archives/112/,beer,なまちゃんのラオホ,,,Mサイズ,,,"1,000円",1000,https://www.beerkeyaki.jp/beer/archives/595/
46,NAMACHAん Brewing,関東,https://www.beerkeyaki.jp/shop/archives/112/,beer,なまちゃんのラオホ,,,Lサイズ,,,"1,200円",1200,https://www.beerkeyaki.jp/beer/archives/595/
46,NAMACHAん Brewing,関東,https://www.beerkeyaki.jp/shop/archives/112/,beer,なまちゃんのラオホ,,,リユースグラス,,,800円,800,https://www.beerkeyaki.jp/beer/archives/595/
46,NAMACHAん Brewing,関東,https://www.beerkeyaki.jp/shop/archives/112/,beer,やみつきエール麻婆,,,Sサイズ,,,800円,800,https://www.beerkeyaki.jp/beer/archives/600/
46,NAMACHAん Brewing,関東,https://www.beerkeyaki.jp/shop/archives/112/,beer,やみつきエール麻婆,,,Mサイズ,,,"1,000円",1000,https://www.beerkeyaki.jp/beer/archives/600/
46,NAMACHAん Brewing,関東,https://www.beerkeyaki.jp/shop/archives/112/,beer,やみつきエール麻婆,,,Lサイズ,,,"1,200円",1200,https://www.beerkeyaki.jp/beer/archives/600/
46,NAMACHAん Brewing,関東,https://www.beerkeyaki.jp/shop/archives/112/,beer,やみつきエール麻婆,,,リユースグラス,275ml,275,800円,800,https://www.beerkeyaki.jp/beer/archives/600/
46,NAMACHAん Brewing,関東,https://www.beerkeyaki.jp/shop/archives/112/,beer,なまちゃんとキングのサングリアスムージー,限定,,Sサイズ,,,800円,800,https://www.beerkeyaki.jp/beer/archives/1066/
46,NAMACHAん Brewing,関東,https://www.beerkeyaki.jp/shop/archives/112/,beer,なまちゃんとキングのサングリアスムージー,限定,,Mサイズ,,,"1,000円",1000,https://www.beerkeyaki.jp/beer/archives/1066/
46,NAMACHAん Brewing,関東,https://www.beerkeyaki.jp/shop/archives/112/,beer,なまちゃんとキングのサングリアスムージー,限定,,Lサイズ,,,"1,200円",1200,https://www.beerkeyaki.jp/beer/archives/1066/
46,NAMACHAん Brewing,関東,https://www.beerkeyaki.jp/shop/archives/112/,beer,なまちゃんとキングのサングリアスムージー,限定,,リユースグラス,275ml,275,800円,800,https://www.beerkeyaki.jp/beer/archives/1066/
46,NAMACHAん Brewing,関東,https://www.beerkeyaki.jp/shop/archives/112/,beer,なま初号機,限定,,Sサイズ,,,800円,800,https://www.beerkeyaki.jp/beer/archives/1067/
46,NAMACHAん Brewing,関東,https://www.beerkeyaki.jp/shop/archives/112/,beer,なま初号機,限定,,Mサイズ,,,"1,000円",1000,https://www.beerkeyaki.jp/beer/archives/1067/
46,NAMACHAん Brewing,関東,https://www.beerkeyaki.jp/shop/archives/112/,beer,なま初号機,限定,,Lサイズ,,,"1,200円",1200,https://www.beerkeyaki.jp/beer/archives/1067/
46,NAMACHAん Brewing,関東,https://www.beerkeyaki.jp/shop/archives/112/,beer,なま初号機,限定,,リユースグラス,275ml,275,800円,800,https://www.beerkeyaki.jp/beer/archives/1067/
46,NAMACHAん Brewing,関東,https://www.beerkeyaki.jp/shop/archives/112/,beer,なまちゃんのプレミアムなラガー,限定,,Sサイズ,,,800円,800,https://www.beerkeyaki.jp/beer/archives/1068/
46,NAMACHAん Brewing,関東,https://www.beerkeyaki.jp/shop/archives/112/,beer,なまちゃんのプレミアムなラガー,限定,,Mサイズ,,,"1,000円",1000,https://www.beerkeyaki.jp/beer/archives/1068/
46,NAMACHAん Brewing,関東,https://www.beerkeyaki.jp/shop/archives/112/,beer,なまちゃんのプレミアムなラガー,限定,,Lサイズ,,,"1,200円",1200,https://www.beerkeyaki.jp/beer/archives/1068/
46,NAMACHAん Brewing,関東,https://www.beerkeyaki.jp/shop/archives/112/,beer,なまちゃんのプレミアムなラガー,限定,,リユースグラス,275ml,275,800円,800,https://www.beerkeyaki.jp/beer/archives/1068/
46,NAMACHAん Brewing,関東,https://www.beerkeyaki.jp/shop/archives/112/,beer,やみつきエールトムヤムクン,限定,,Sサイズ,,,800円,800,https://www.beerkeyaki.jp/beer/archives/1069/
46,NAMACHAん Brewing,関東,https://www.beerkeyaki.jp/shop/archives/112/,beer,やみつきエールトムヤムクン,限定,,Mサイズ,,,"1,000円",1000,https://www.beerkeyaki.jp/beer/archives/1069/
46,NAMACHAん Brewing,関東,https://www.beerkeyaki.jp/shop/archives/112/,beer,やみつきエールトムヤムクン,限定,,Lサイズ,,,"1,200円",1200,https://www.beerkeyaki.jp/beer/archives/1069/
46,NAMACHAん Brewing,関東,https://www.beerkeyaki.jp/shop/archives/112/,beer,やみつきエールトムヤムクン,限定,,リユースグラス,275ml,275,800円,800,https://www.beerkeyaki.jp/beer/archives/1069/
47,田沢湖ビール,東北,https://www.beerkeyaki.jp/shop/archives/44/,set,４種飲み比べセット,,選べる飲み比べセット,,,,"1,800円",1800,
47,田沢湖ビール,東北,https://www.beerkeyaki.jp/shop/archives/44/,set,５種飲み比べセット,,全種類楽しめる！飲み比べセット,,,,"2,200円",2200,
47,田沢湖ビール,東北,https://www.beerkeyaki.jp/shop/archives/44/,beer,KEYAKI ＳＴＡＲＴ Pale Ale,限定,,レギュラーサイズ,350ml,350,800円,800,https://www.beerkeyaki.jp/beer/archives/947/
47,田沢湖ビール,東北,https://www.beerkeyaki.jp/shop/archives/44/,beer,KEYAKI ＳＴＡＲＴ Pale Ale,限定,,ビッグサイズ,540ml,540,"1,100円",1100,https://www.beerkeyaki.jp/beer/archives/947/
47,田沢湖ビール,東北,https://www.beerkeyaki.jp/shop/archives/44/,beer,KEYAKI ＳＴＡＲＴ Pale Ale,限定,,リユースグラス,275ml,275,600円,600,https://www.beerkeyaki.jp/beer/archives/947/
47,田沢湖ビール,東北,https://www.beerkeyaki.jp/shop/archives/44/,beer,アルト,,,レギュラーサイズ,350ml,350,800円,800,https://www.beerkeyaki.jp/beer/archives/131/
47,田沢湖ビール,東北,https://www.beerkeyaki.jp/shop/archives/44/,beer,アルト,,,ビッグサイズ,540ml,540,"1,100円",1100,https://www.beerkeyaki.jp/beer/archives/131/
47,田沢湖ビール,東北,https://www.beerkeyaki.jp/shop/archives/44/,beer,アルト,,,リユースグラス,275ml,275,600円,600,https://www.beerkeyaki.jp/beer/archives/131/
47,田沢湖ビール,東北,https://www.beerkeyaki.jp/shop/archives/44/,beer,ピルスナー,,,レギュラーサイズ,350ml,350,800円,800,https://www.beerkeyaki.jp/beer/archives/132/
47,田沢湖ビール,東北,https://www.beerkeyaki.jp/shop/archives/44/,beer,ピルスナー,,,ビッグサイズ,540ml,540,"1,100円",1100,https://www.beerkeyaki.jp/beer/archives/132/
47,田沢湖ビール,東北,https://www.beerkeyaki.jp/shop/archives/44/,beer,ピルスナー,,,リユースグラス,275ml,275,600円,600,https://www.beerkeyaki.jp/beer/archives/132/
47,田沢湖ビール,東北,https://www.beerkeyaki.jp/shop/archives/44/,beer,ブリュットIPL,,,レギュラーサイズ,350ml,350,800円,800,https://www.beerkeyaki.jp/beer/archives/1046/
47,田沢湖ビール,東北,https://www.beerkeyaki.jp/shop/archives/44/,beer,ブリュットIPL,,,ビッグサイズ,540ml,540,"1,100円",1100,https://www.beerkeyaki.jp/beer/archives/1046/
47,田沢湖ビール,東北,https://www.beerkeyaki.jp/shop/archives/44/,beer,ブリュットIPL,,,リユースグラス,275ml,275,600円,600,https://www.beerkeyaki.jp/beer/archives/1046/
47,田沢湖ビール,東北,https://www.beerkeyaki.jp/shop/archives/44/,beer,バイツェン,,,レギュラーサイズ,350ml,350,800円,800,https://www.beerkeyaki.jp/beer/archives/134/
47,田沢湖ビール,東北,https://www.beerkeyaki.jp/shop/archives/44/,beer,バイツェン,,,ビッグサイズ,540ml,540,"1,100円",1100,https://www.beerkeyaki.jp/beer/archives/134/
47,田沢湖ビール,東北,https://www.beerkeyaki.jp/shop/archives/44/,beer,バイツェン,,,リユースグラス,275ml,275,600円,600,https://www.beerkeyaki.jp/beer/archives/134/
48,青蓮さいたま新都心店,関東,https://www.beerkeyaki.jp/shop/archives/62/,beer,KEYAKI青島ビール,おすすめ,,小瓶,330ml,330,500円,500,https://www.beerkeyaki.jp/beer/archives/420/
48,青蓮さいたま新都心店,関東,https://www.beerkeyaki.jp/shop/archives/62/,beer,ヱビスプレミアムビール,,,Lサイズ,500ml,500,700円,700,https://www.beerkeyaki.jp/beer/archives/419/
48,青蓮さいたま新都心店,関東,https://www.beerkeyaki.jp/shop/archives/62/,beer,ヱビスプレミアムブラックビール,,,Lサイズ,500ml,500,700円,700,https://www.beerkeyaki.jp/beer/archives/421/
48,青蓮さいたま新都心店,関東,https://www.beerkeyaki.jp/shop/archives/62/,beer,サッポロ生ビール,おすすめ,,Lサイズ,500ml,500,700円,700,https://www.beerkeyaki.jp/beer/archives/418/
49,ドイツビール エルディンガー,海外,https://www.beerkeyaki.jp/shop/archives/96/,set,ドイツビール 4種飲み比べ　おつまみポテト付き,,1番人気の飲み比べセットです。,,,,"2,200円",2200,
49,ドイツビール エルディンガー,海外,https://www.beerkeyaki.jp/shop/archives/96/,set,ドイツビール 5種飲み比べ 限定ビール入り,,数量限定ビールも楽しめる飲み比べセットです。,,,,"2,500円",2500,
49,ドイツビール エルディンガー,海外,https://www.beerkeyaki.jp/shop/archives/96/,beer,ヴァイスビア,,,,300ml,300,800円,800,https://www.beerkeyaki.jp/beer/archives/411/
49,ドイツビール エルディンガー,海外,https://www.beerkeyaki.jp/shop/archives/96/,beer,ヴァイスビア,,,,500ml,500,"1,200円",1200,https://www.beerkeyaki.jp/beer/archives/411/
49,ドイツビール エルディンガー,海外,https://www.beerkeyaki.jp/shop/archives/96/,beer,ヴァイスビア,,,,"1,000ml",1000,"2,400円",2400,https://www.beerkeyaki.jp/beer/archives/411/
49,ドイツビール エルディンガー,海外,https://www.beerkeyaki.jp/shop/archives/96/,beer,ヴァイスビア,,,リユースグラス,275ml,275,750円,750,https://www.beerkeyaki.jp/beer/archives/411/
49,ドイツビール エルディンガー,海外,https://www.beerkeyaki.jp/shop/archives/96/,beer,デュンケル,,,,300ml,300,800円,800,https://www.beerkeyaki.jp/beer/archives/412/
49,ドイツビール エルディンガー,海外,https://www.beerkeyaki.jp/shop/archives/96/,beer,デュンケル,,,,500ml,500,"1,200円",1200,https://www.beerkeyaki.jp/beer/archives/412/
49,ドイツビール エルディンガー,海外,https://www.beerkeyaki.jp/shop/archives/96/,beer,デュンケル,,,,"1,000ml",1000,"2,400円",2400,https://www.beerkeyaki.jp/beer/archives/412/
49,ドイツビール エルディンガー,海外,https://www.beerkeyaki.jp/shop/archives/96/,beer,デュンケル,,,リユースグラス,275ml,275,750円,750,https://www.beerkeyaki.jp/beer/archives/412/
49,ドイツビール エルディンガー,海外,https://www.beerkeyaki.jp/shop/archives/96/,beer,フェストビア,,,,300ml,300,900円,900,https://www.beerkeyaki.jp/beer/archives/413/
49,ドイツビール エルディンガー,海外,https://www.beerkeyaki.jp/shop/archives/96/,beer,フェストビア,,,,500ml,500,"1,300円",1300,https://www.beerkeyaki.jp/beer/archives/413/
49,ドイツビール エルディンガー,海外,https://www.beerkeyaki.jp/shop/archives/96/,beer,フェストビア,,,,"1,000ml",1000,"2,600円",2600,https://www.beerkeyaki.jp/beer/archives/413/
49,ドイツビール エルディンガー,海外,https://www.beerkeyaki.jp/shop/archives/96/,beer,フェストビア,,,リユースグラス,275ml,275,800円,800,https://www.beerkeyaki.jp/beer/archives/413/
50,信州須坂フルーツブルワリー＆マックスキャロット,北陸・甲信越,https://www.beerkeyaki.jp/shop/archives/77/,set,けやき限定４種飲み比べ,,"シャンマスカット/アップルエール／限定・巨峰ヴァイツヱン／限定・レッドドライ
【210ml×４】
限定2種類を含む、けやき限定のお得な４種フルーツエールのセット！",,,,"2,000円",2000,
50,信州須坂フルーツブルワリー＆マックスキャロット,北陸・甲信越,https://www.beerkeyaki.jp/shop/archives/77/,set,プレミアム３種飲み比べ,,"シャンマスカット/プレミアムMix/限定・巨峰ヴァイツヱン【210ml×３】
贅沢なフルーツエールのセットに限定をプラスでリッチな気分に！",,,,"1,800円",1800,
50,信州須坂フルーツブルワリー＆マックスキャロット,北陸・甲信越,https://www.beerkeyaki.jp/shop/archives/77/,set,スタンダード３種飲み比べ,,"アップルエール/ももカシスMix／限定・レッドドライ【210ml×３】
定番のフルーツエールのセットに限定をプラス！",,,,"1,500円",1500,
50,信州須坂フルーツブルワリー＆マックスキャロット,北陸・甲信越,https://www.beerkeyaki.jp/shop/archives/77/,beer,KEYAK　巨峰ヴァイツェン,限定,,L,400ml,400,"1,100円",1100,https://www.beerkeyaki.jp/beer/archives/986/
50,信州須坂フルーツブルワリー＆マックスキャロット,北陸・甲信越,https://www.beerkeyaki.jp/shop/archives/77/,beer,KEYAK　巨峰ヴァイツェン,限定,,リユースグラス,275ml,275,"1,000円",1000,https://www.beerkeyaki.jp/beer/archives/986/
50,信州須坂フルーツブルワリー＆マックスキャロット,北陸・甲信越,https://www.beerkeyaki.jp/shop/archives/77/,beer,KEYAK　レッドドライ,限定,,L,400ml,400,"1,100円",1100,https://www.beerkeyaki.jp/beer/archives/838/
50,信州須坂フルーツブルワリー＆マックスキャロット,北陸・甲信越,https://www.beerkeyaki.jp/shop/archives/77/,beer,KEYAK　レッドドライ,限定,,リユースグラス,275ml,275,800円,800,https://www.beerkeyaki.jp/beer/archives/838/
50,信州須坂フルーツブルワリー＆マックスキャロット,北陸・甲信越,https://www.beerkeyaki.jp/shop/archives/77/,beer,完熟シャインマスカットエール,,,L,400ml,400,"1,400円",1400,https://www.beerkeyaki.jp/beer/archives/303/
50,信州須坂フルーツブルワリー＆マックスキャロット,北陸・甲信越,https://www.beerkeyaki.jp/shop/archives/77/,beer,完熟シャインマスカットエール,,,リユースグラス,275ml,275,"1,300円",1300,https://www.beerkeyaki.jp/beer/archives/303/
50,信州須坂フルーツブルワリー＆マックスキャロット,北陸・甲信越,https://www.beerkeyaki.jp/shop/archives/77/,beer,アップルエール　甘口,,,L,400ml,400,900円,900,https://www.beerkeyaki.jp/beer/archives/305/
50,信州須坂フルーツブルワリー＆マックスキャロット,北陸・甲信越,https://www.beerkeyaki.jp/shop/archives/77/,beer,アップルエール　甘口,,,リユースグラス,275ml,275,800円,800,https://www.beerkeyaki.jp/beer/archives/305/
50,信州須坂フルーツブルワリー＆マックスキャロット,北陸・甲信越,https://www.beerkeyaki.jp/shop/archives/77/,beer,プレミアムMix（リンゴ＆ぶどう＆カシス）,,,L,400ml,400,"1,000円",1000,https://www.beerkeyaki.jp/beer/archives/306/
50,信州須坂フルーツブルワリー＆マックスキャロット,北陸・甲信越,https://www.beerkeyaki.jp/shop/archives/77/,beer,プレミアムMix（リンゴ＆ぶどう＆カシス）,,,リユースグラス,275ml,275,900円,900,https://www.beerkeyaki.jp/beer/archives/306/
50,信州須坂フルーツブルワリー＆マックスキャロット,北陸・甲信越,https://www.beerkeyaki.jp/shop/archives/77/,beer,もも＆カシスMix,,,L,400ml,400,"1,100円",1100,https://www.beerkeyaki.jp/beer/archives/307/
50,信州須坂フルーツブルワリー＆マックスキャロット,北陸・甲信越,https://www.beerkeyaki.jp/shop/archives/77/,beer,もも＆カシスMix,,,リユースグラス,275ml,275,"1,000円",1000,https://www.beerkeyaki.jp/beer/archives/307/
50,信州須坂フルーツブルワリー＆マックスキャロット,北陸・甲信越,https://www.beerkeyaki.jp/shop/archives/77/,beer,ペールエール,,,L,400ml,400,900円,900,https://www.beerkeyaki.jp/beer/archives/308/
50,信州須坂フルーツブルワリー＆マックスキャロット,北陸・甲信越,https://www.beerkeyaki.jp/shop/archives/77/,beer,ペールエール,,,リユースグラス,275ml,275,800円,800,https://www.beerkeyaki.jp/beer/archives/308/
51,希望の丘醸造所,東北,https://www.beerkeyaki.jp/shop/archives/43/,set,5種飲み比べセット,,ブルワーセレクトの当日おすすめビールや限定ビールがすべて飲めるお得な飲み比べセットです。,,,,"2,000円",2000,
51,希望の丘醸造所,東北,https://www.beerkeyaki.jp/shop/archives/43/,set,4種飲み比べセット,,ブルワーセレクトの当日おすすめビールや限定ビールが選んで飲める４種飲み比べセットです。,,,,"1,600円",1600,
51,希望の丘醸造所,東北,https://www.beerkeyaki.jp/shop/archives/43/,beer,THE SPENCER（ザ・スペンサー）,おすすめ,,R　レギュラーサイズ,360ml,360,800円,800,https://www.beerkeyaki.jp/beer/archives/77/
51,希望の丘醸造所,東北,https://www.beerkeyaki.jp/shop/archives/43/,beer,THE SPENCER（ザ・スペンサー）,おすすめ,,L　ラージサイズ,480ml,480,"1,000円",1000,https://www.beerkeyaki.jp/beer/archives/77/
51,希望の丘醸造所,東北,https://www.beerkeyaki.jp/shop/archives/43/,beer,THE SPENCER（ザ・スペンサー）,おすすめ,,リユースグラス,275ml,275,500円,500,https://www.beerkeyaki.jp/beer/archives/77/
51,希望の丘醸造所,東北,https://www.beerkeyaki.jp/shop/archives/43/,beer,KNUCKLE167A（ナックル167A）,,,R　レギュラーサイズ,360ml,360,800円,800,https://www.beerkeyaki.jp/beer/archives/147/
51,希望の丘醸造所,東北,https://www.beerkeyaki.jp/shop/archives/43/,beer,KNUCKLE167A（ナックル167A）,,,L　ラージサイズ,480ml,480,"1,000円",1000,https://www.beerkeyaki.jp/beer/archives/147/
51,希望の丘醸造所,東北,https://www.beerkeyaki.jp/shop/archives/43/,beer,KNUCKLE167A（ナックル167A）,,,リユース,275ml,275,500円,500,https://www.beerkeyaki.jp/beer/archives/147/
51,希望の丘醸造所,東北,https://www.beerkeyaki.jp/shop/archives/43/,beer,Culotte（クーレット）,,,R　レギュラーサイズ,360ml,360,800円,800,https://www.beerkeyaki.jp/beer/archives/149/
51,希望の丘醸造所,東北,https://www.beerkeyaki.jp/shop/archives/43/,beer,Culotte（クーレット）,,,L　ラージサイズ,480ml,480,"1,000円",1000,https://www.beerkeyaki.jp/beer/archives/149/
51,希望の丘醸造所,東北,https://www.beerkeyaki.jp/shop/archives/43/,beer,Culotte（クーレット）,,,リユースグラス,275ml,275,500円,500,https://www.beerkeyaki.jp/beer/archives/149/
51,希望の丘醸造所,東北,https://www.beerkeyaki.jp/shop/archives/43/,beer,HIND SHANK（ハインドシャンク）,,,R　レギュラーサイズ,360ml,360,900円,900,https://www.beerkeyaki.jp/beer/archives/150/
51,希望の丘醸造所,東北,https://www.beerkeyaki.jp/shop/archives/43/,beer,HIND SHANK（ハインドシャンク）,,,L　ラージサイズ,480ml,480,"1,100円",1100,https://www.beerkeyaki.jp/beer/archives/150/
51,希望の丘醸造所,東北,https://www.beerkeyaki.jp/shop/archives/43/,beer,HIND SHANK（ハインドシャンク）,,,リユースグラス,275ml,275,600円,600,https://www.beerkeyaki.jp/beer/archives/150/
51,希望の丘醸造所,東北,https://www.beerkeyaki.jp/shop/archives/43/,beer,SweetBread（スウィートブレッド）,,,R　レギュラーサイズ,360ml,360,800円,800,https://www.beerkeyaki.jp/beer/archives/494/
51,希望の丘醸造所,東北,https://www.beerkeyaki.jp/shop/archives/43/,beer,SweetBread（スウィートブレッド）,,,L　ラージサイズ,480ml,480,"1,000円",1000,https://www.beerkeyaki.jp/beer/archives/494/
51,希望の丘醸造所,東北,https://www.beerkeyaki.jp/shop/archives/43/,beer,SweetBread（スウィートブレッド）,,,リユースグラス,275ml,275,500円,500,https://www.beerkeyaki.jp/beer/archives/494/
51,希望の丘醸造所,東北,https://www.beerkeyaki.jp/shop/archives/43/,beer,LIVER LIVER LIVER(レバーレバーレバー),,,R　レギュラーサイズ,360ml,360,800円,800,https://www.beerkeyaki.jp/beer/archives/495/
51,希望の丘醸造所,東北,https://www.beerkeyaki.jp/shop/archives/43/,beer,LIVER LIVER LIVER(レバーレバーレバー),,,L　ラージサイズ,480ml,480,"1,000円",1000,https://www.beerkeyaki.jp/beer/archives/495/
51,希望の丘醸造所,東北,https://www.beerkeyaki.jp/shop/archives/43/,beer,LIVER LIVER LIVER(レバーレバーレバー),,,リユースグラス,275ml,275,500円,500,https://www.beerkeyaki.jp/beer/archives/495/
51,希望の丘醸造所,東北,https://www.beerkeyaki.jp/shop/archives/43/,beer,Sun Fun Lager（サンファンラガー）,限定,,R　レギュラーサイズ,360ml,360,900円,900,https://www.beerkeyaki.jp/beer/archives/743/
51,希望の丘醸造所,東北,https://www.beerkeyaki.jp/shop/archives/43/,beer,Sun Fun Lager（サンファンラガー）,限定,,L　ラージサイズ,480ml,480,"1,100円",1100,https://www.beerkeyaki.jp/beer/archives/743/
51,希望の丘醸造所,東北,https://www.beerkeyaki.jp/shop/archives/43/,beer,Sun Fun Lager（サンファンラガー）,限定,,リユースグラス,275ml,275,600円,600,https://www.beerkeyaki.jp/beer/archives/743/
51,希望の丘醸造所,東北,https://www.beerkeyaki.jp/shop/archives/43/,beer,ごしにけるしゅ,限定,,R　レギュラーサイズ,360ml,360,800円,800,https://www.beerkeyaki.jp/beer/archives/744/
51,希望の丘醸造所,東北,https://www.beerkeyaki.jp/shop/archives/43/,beer,ごしにけるしゅ,限定,,L　ラージサイズ,480ml,480,"1,000円",1000,https://www.beerkeyaki.jp/beer/archives/744/
51,希望の丘醸造所,東北,https://www.beerkeyaki.jp/shop/archives/43/,beer,ごしにけるしゅ,限定,,リユースグラス,275ml,275,500円,500,https://www.beerkeyaki.jp/beer/archives/744/
51,希望の丘醸造所,東北,https://www.beerkeyaki.jp/shop/archives/43/,beer,Honey Golden Ale（ハニーゴールデンエール）,限定,,R　レギュラーサイズ,360ml,360,800円,800,https://www.beerkeyaki.jp/beer/archives/945/
51,希望の丘醸造所,東北,https://www.beerkeyaki.jp/shop/archives/43/,beer,Honey Golden Ale（ハニーゴールデンエール）,限定,,L　ラージサイズ,480ml,480,"1,000円",1000,https://www.beerkeyaki.jp/beer/archives/945/
51,希望の丘醸造所,東北,https://www.beerkeyaki.jp/shop/archives/43/,beer,Honey Golden Ale（ハニーゴールデンエール）,限定,,リユースグラス,275ml,275,500円,500,https://www.beerkeyaki.jp/beer/archives/945/
51,希望の丘醸造所,東北,https://www.beerkeyaki.jp/shop/archives/43/,beer,Galactic Comet（ギャラクティックコメット）,限定,,R　レギュラーサイズ,360ml,360,900円,900,https://www.beerkeyaki.jp/beer/archives/946/
51,希望の丘醸造所,東北,https://www.beerkeyaki.jp/shop/archives/43/,beer,Galactic Comet（ギャラクティックコメット）,限定,,L　ラージサイズ,480ml,480,"1,100円",1100,https://www.beerkeyaki.jp/beer/archives/946/
51,希望の丘醸造所,東北,https://www.beerkeyaki.jp/shop/archives/43/,beer,Galactic Comet（ギャラクティックコメット）,限定,,リユースグラス,275ml,275,600円,600,https://www.beerkeyaki.jp/beer/archives/946/
51,希望の丘醸造所,東北,https://www.beerkeyaki.jp/shop/archives/43/,beer,Kawatabi Cold IPA,限定,,R　レギュラーサイズ,360ml,360,900円,900,https://www.beerkeyaki.jp/beer/archives/496/
51,希望の丘醸造所,東北,https://www.beerkeyaki.jp/shop/archives/43/,beer,Kawatabi Cold IPA,限定,,L　ラージサイズ,480ml,480,"1,100円",1100,https://www.beerkeyaki.jp/beer/archives/496/
51,希望の丘醸造所,東北,https://www.beerkeyaki.jp/shop/archives/43/,beer,Kawatabi Cold IPA,限定,,リユースグラス,275ml,275,600円,600,https://www.beerkeyaki.jp/beer/archives/496/
52,SORACHI 1984,関東,https://www.beerkeyaki.jp/shop/archives/56/,set,SORACHI 1984 4種飲み比べセット,,SORACHI 1984、SORACHI パナシェ、HAZY SORACHI-Mango-、HAZY SORACHI-　Tomato-をまとめて楽しめる欲張りなセットです。,,,,"1,400円",1400,
52,SORACHI 1984,関東,https://www.beerkeyaki.jp/shop/archives/56/,beer,サッポロ　SORACHI 1984,おすすめ,,,400ml,400,700円,700,https://www.beerkeyaki.jp/beer/archives/250/
52,SORACHI 1984,関東,https://www.beerkeyaki.jp/shop/archives/56/,beer,サッポロ　SORACHI 1984,おすすめ,,リユースグラス,275ml,275,400円,400,https://www.beerkeyaki.jp/beer/archives/250/
52,SORACHI 1984,関東,https://www.beerkeyaki.jp/shop/archives/56/,beer,SORACHI パナシェ,限定,,,400ml,400,700円,700,https://www.beerkeyaki.jp/beer/archives/251/
52,SORACHI 1984,関東,https://www.beerkeyaki.jp/shop/archives/56/,beer,SORACHI パナシェ,限定,,リユースグラス,275ml,275,400円,400,https://www.beerkeyaki.jp/beer/archives/251/
52,SORACHI 1984,関東,https://www.beerkeyaki.jp/shop/archives/56/,beer,HAZY SORACHI - Mango-,,,,400ml,400,700円,700,https://www.beerkeyaki.jp/beer/archives/807/
52,SORACHI 1984,関東,https://www.beerkeyaki.jp/shop/archives/56/,beer,HAZY SORACHI - Mango-,,,リユースグラス,275ml,275,400円,400,https://www.beerkeyaki.jp/beer/archives/807/
52,SORACHI 1984,関東,https://www.beerkeyaki.jp/shop/archives/56/,beer,HAZY SORACHI - Tomato-,,,,400ml,400,700円,700,https://www.beerkeyaki.jp/beer/archives/808/
52,SORACHI 1984,関東,https://www.beerkeyaki.jp/shop/archives/56/,beer,HAZY SORACHI - Tomato-,,,リユースグラス,275ml,275,400円,400,https://www.beerkeyaki.jp/beer/archives/808/
